"","m6","m7","m8","m9","m10","m11","m12","m13","m14","m15"
"1","BDS","SK","AST","FNC","G2","AST","BDS","G2","RGE","FNC"
"2","BDS","SK","AST","FNC","G2","AST","BDS","G2","RGE","MSF"
"3","BDS","SK","AST","FNC","G2","AST","BDS","G2","VIT","FNC"
"4","BDS","SK","AST","FNC","G2","AST","BDS","G2","VIT","MSF"
"5","BDS","SK","AST","FNC","G2","AST","BDS","SK","RGE","FNC"
"6","BDS","SK","AST","FNC","G2","AST","BDS","SK","RGE","MSF"
"7","BDS","SK","AST","FNC","G2","AST","BDS","SK","VIT","FNC"
"8","BDS","SK","AST","FNC","G2","AST","BDS","SK","VIT","MSF"
"9","BDS","SK","AST","FNC","G2","AST","MAD","G2","RGE","FNC"
"10","BDS","SK","AST","FNC","G2","AST","MAD","G2","RGE","MSF"
"11","BDS","SK","AST","FNC","G2","AST","MAD","G2","VIT","FNC"
"12","BDS","SK","AST","FNC","G2","AST","MAD","G2","VIT","MSF"
"13","BDS","SK","AST","FNC","G2","AST","MAD","SK","RGE","FNC"
"14","BDS","SK","AST","FNC","G2","AST","MAD","SK","RGE","MSF"
"15","BDS","SK","AST","FNC","G2","AST","MAD","SK","VIT","FNC"
"16","BDS","SK","AST","FNC","G2","AST","MAD","SK","VIT","MSF"
"17","BDS","SK","AST","FNC","G2","XL","BDS","G2","RGE","FNC"
"18","BDS","SK","AST","FNC","G2","XL","BDS","G2","RGE","MSF"
"19","BDS","SK","AST","FNC","G2","XL","BDS","G2","VIT","FNC"
"20","BDS","SK","AST","FNC","G2","XL","BDS","G2","VIT","MSF"
"21","BDS","SK","AST","FNC","G2","XL","BDS","SK","RGE","FNC"
"22","BDS","SK","AST","FNC","G2","XL","BDS","SK","RGE","MSF"
"23","BDS","SK","AST","FNC","G2","XL","BDS","SK","VIT","FNC"
"24","BDS","SK","AST","FNC","G2","XL","BDS","SK","VIT","MSF"
"25","BDS","SK","AST","FNC","G2","XL","MAD","G2","RGE","FNC"
"26","BDS","SK","AST","FNC","G2","XL","MAD","G2","RGE","MSF"
"27","BDS","SK","AST","FNC","G2","XL","MAD","G2","VIT","FNC"
"28","BDS","SK","AST","FNC","G2","XL","MAD","G2","VIT","MSF"
"29","BDS","SK","AST","FNC","G2","XL","MAD","SK","RGE","FNC"
"30","BDS","SK","AST","FNC","G2","XL","MAD","SK","RGE","MSF"
"31","BDS","SK","AST","FNC","G2","XL","MAD","SK","VIT","FNC"
"32","BDS","SK","AST","FNC","G2","XL","MAD","SK","VIT","MSF"
"33","BDS","SK","AST","FNC","MSF","AST","BDS","G2","RGE","FNC"
"34","BDS","SK","AST","FNC","MSF","AST","BDS","G2","RGE","MSF"
"35","BDS","SK","AST","FNC","MSF","AST","BDS","G2","VIT","FNC"
"36","BDS","SK","AST","FNC","MSF","AST","BDS","G2","VIT","MSF"
"37","BDS","SK","AST","FNC","MSF","AST","BDS","SK","RGE","FNC"
"38","BDS","SK","AST","FNC","MSF","AST","BDS","SK","RGE","MSF"
"39","BDS","SK","AST","FNC","MSF","AST","BDS","SK","VIT","FNC"
"40","BDS","SK","AST","FNC","MSF","AST","BDS","SK","VIT","MSF"
"41","BDS","SK","AST","FNC","MSF","AST","MAD","G2","RGE","FNC"
"42","BDS","SK","AST","FNC","MSF","AST","MAD","G2","RGE","MSF"
"43","BDS","SK","AST","FNC","MSF","AST","MAD","G2","VIT","FNC"
"44","BDS","SK","AST","FNC","MSF","AST","MAD","G2","VIT","MSF"
"45","BDS","SK","AST","FNC","MSF","AST","MAD","SK","RGE","FNC"
"46","BDS","SK","AST","FNC","MSF","AST","MAD","SK","RGE","MSF"
"47","BDS","SK","AST","FNC","MSF","AST","MAD","SK","VIT","FNC"
"48","BDS","SK","AST","FNC","MSF","AST","MAD","SK","VIT","MSF"
"49","BDS","SK","AST","FNC","MSF","XL","BDS","G2","RGE","FNC"
"50","BDS","SK","AST","FNC","MSF","XL","BDS","G2","RGE","MSF"
"51","BDS","SK","AST","FNC","MSF","XL","BDS","G2","VIT","FNC"
"52","BDS","SK","AST","FNC","MSF","XL","BDS","G2","VIT","MSF"
"53","BDS","SK","AST","FNC","MSF","XL","BDS","SK","RGE","FNC"
"54","BDS","SK","AST","FNC","MSF","XL","BDS","SK","RGE","MSF"
"55","BDS","SK","AST","FNC","MSF","XL","BDS","SK","VIT","FNC"
"56","BDS","SK","AST","FNC","MSF","XL","BDS","SK","VIT","MSF"
"57","BDS","SK","AST","FNC","MSF","XL","MAD","G2","RGE","FNC"
"58","BDS","SK","AST","FNC","MSF","XL","MAD","G2","RGE","MSF"
"59","BDS","SK","AST","FNC","MSF","XL","MAD","G2","VIT","FNC"
"60","BDS","SK","AST","FNC","MSF","XL","MAD","G2","VIT","MSF"
"61","BDS","SK","AST","FNC","MSF","XL","MAD","SK","RGE","FNC"
"62","BDS","SK","AST","FNC","MSF","XL","MAD","SK","RGE","MSF"
"63","BDS","SK","AST","FNC","MSF","XL","MAD","SK","VIT","FNC"
"64","BDS","SK","AST","FNC","MSF","XL","MAD","SK","VIT","MSF"
"65","BDS","SK","AST","VIT","G2","AST","BDS","G2","RGE","FNC"
"66","BDS","SK","AST","VIT","G2","AST","BDS","G2","RGE","MSF"
"67","BDS","SK","AST","VIT","G2","AST","BDS","G2","VIT","FNC"
"68","BDS","SK","AST","VIT","G2","AST","BDS","G2","VIT","MSF"
"69","BDS","SK","AST","VIT","G2","AST","BDS","SK","RGE","FNC"
"70","BDS","SK","AST","VIT","G2","AST","BDS","SK","RGE","MSF"
"71","BDS","SK","AST","VIT","G2","AST","BDS","SK","VIT","FNC"
"72","BDS","SK","AST","VIT","G2","AST","BDS","SK","VIT","MSF"
"73","BDS","SK","AST","VIT","G2","AST","MAD","G2","RGE","FNC"
"74","BDS","SK","AST","VIT","G2","AST","MAD","G2","RGE","MSF"
"75","BDS","SK","AST","VIT","G2","AST","MAD","G2","VIT","FNC"
"76","BDS","SK","AST","VIT","G2","AST","MAD","G2","VIT","MSF"
"77","BDS","SK","AST","VIT","G2","AST","MAD","SK","RGE","FNC"
"78","BDS","SK","AST","VIT","G2","AST","MAD","SK","RGE","MSF"
"79","BDS","SK","AST","VIT","G2","AST","MAD","SK","VIT","FNC"
"80","BDS","SK","AST","VIT","G2","AST","MAD","SK","VIT","MSF"
"81","BDS","SK","AST","VIT","G2","XL","BDS","G2","RGE","FNC"
"82","BDS","SK","AST","VIT","G2","XL","BDS","G2","RGE","MSF"
"83","BDS","SK","AST","VIT","G2","XL","BDS","G2","VIT","FNC"
"84","BDS","SK","AST","VIT","G2","XL","BDS","G2","VIT","MSF"
"85","BDS","SK","AST","VIT","G2","XL","BDS","SK","RGE","FNC"
"86","BDS","SK","AST","VIT","G2","XL","BDS","SK","RGE","MSF"
"87","BDS","SK","AST","VIT","G2","XL","BDS","SK","VIT","FNC"
"88","BDS","SK","AST","VIT","G2","XL","BDS","SK","VIT","MSF"
"89","BDS","SK","AST","VIT","G2","XL","MAD","G2","RGE","FNC"
"90","BDS","SK","AST","VIT","G2","XL","MAD","G2","RGE","MSF"
"91","BDS","SK","AST","VIT","G2","XL","MAD","G2","VIT","FNC"
"92","BDS","SK","AST","VIT","G2","XL","MAD","G2","VIT","MSF"
"93","BDS","SK","AST","VIT","G2","XL","MAD","SK","RGE","FNC"
"94","BDS","SK","AST","VIT","G2","XL","MAD","SK","RGE","MSF"
"95","BDS","SK","AST","VIT","G2","XL","MAD","SK","VIT","FNC"
"96","BDS","SK","AST","VIT","G2","XL","MAD","SK","VIT","MSF"
"97","BDS","SK","AST","VIT","MSF","AST","BDS","G2","RGE","FNC"
"98","BDS","SK","AST","VIT","MSF","AST","BDS","G2","RGE","MSF"
"99","BDS","SK","AST","VIT","MSF","AST","BDS","G2","VIT","FNC"
"100","BDS","SK","AST","VIT","MSF","AST","BDS","G2","VIT","MSF"
"101","BDS","SK","AST","VIT","MSF","AST","BDS","SK","RGE","FNC"
"102","BDS","SK","AST","VIT","MSF","AST","BDS","SK","RGE","MSF"
"103","BDS","SK","AST","VIT","MSF","AST","BDS","SK","VIT","FNC"
"104","BDS","SK","AST","VIT","MSF","AST","BDS","SK","VIT","MSF"
"105","BDS","SK","AST","VIT","MSF","AST","MAD","G2","RGE","FNC"
"106","BDS","SK","AST","VIT","MSF","AST","MAD","G2","RGE","MSF"
"107","BDS","SK","AST","VIT","MSF","AST","MAD","G2","VIT","FNC"
"108","BDS","SK","AST","VIT","MSF","AST","MAD","G2","VIT","MSF"
"109","BDS","SK","AST","VIT","MSF","AST","MAD","SK","RGE","FNC"
"110","BDS","SK","AST","VIT","MSF","AST","MAD","SK","RGE","MSF"
"111","BDS","SK","AST","VIT","MSF","AST","MAD","SK","VIT","FNC"
"112","BDS","SK","AST","VIT","MSF","AST","MAD","SK","VIT","MSF"
"113","BDS","SK","AST","VIT","MSF","XL","BDS","G2","RGE","FNC"
"114","BDS","SK","AST","VIT","MSF","XL","BDS","G2","RGE","MSF"
"115","BDS","SK","AST","VIT","MSF","XL","BDS","G2","VIT","FNC"
"116","BDS","SK","AST","VIT","MSF","XL","BDS","G2","VIT","MSF"
"117","BDS","SK","AST","VIT","MSF","XL","BDS","SK","RGE","FNC"
"118","BDS","SK","AST","VIT","MSF","XL","BDS","SK","RGE","MSF"
"119","BDS","SK","AST","VIT","MSF","XL","BDS","SK","VIT","FNC"
"120","BDS","SK","AST","VIT","MSF","XL","BDS","SK","VIT","MSF"
"121","BDS","SK","AST","VIT","MSF","XL","MAD","G2","RGE","FNC"
"122","BDS","SK","AST","VIT","MSF","XL","MAD","G2","RGE","MSF"
"123","BDS","SK","AST","VIT","MSF","XL","MAD","G2","VIT","FNC"
"124","BDS","SK","AST","VIT","MSF","XL","MAD","G2","VIT","MSF"
"125","BDS","SK","AST","VIT","MSF","XL","MAD","SK","RGE","FNC"
"126","BDS","SK","AST","VIT","MSF","XL","MAD","SK","RGE","MSF"
"127","BDS","SK","AST","VIT","MSF","XL","MAD","SK","VIT","FNC"
"128","BDS","SK","AST","VIT","MSF","XL","MAD","SK","VIT","MSF"
"129","BDS","SK","MAD","FNC","G2","AST","BDS","G2","RGE","FNC"
"130","BDS","SK","MAD","FNC","G2","AST","BDS","G2","RGE","MSF"
"131","BDS","SK","MAD","FNC","G2","AST","BDS","G2","VIT","FNC"
"132","BDS","SK","MAD","FNC","G2","AST","BDS","G2","VIT","MSF"
"133","BDS","SK","MAD","FNC","G2","AST","BDS","SK","RGE","FNC"
"134","BDS","SK","MAD","FNC","G2","AST","BDS","SK","RGE","MSF"
"135","BDS","SK","MAD","FNC","G2","AST","BDS","SK","VIT","FNC"
"136","BDS","SK","MAD","FNC","G2","AST","BDS","SK","VIT","MSF"
"137","BDS","SK","MAD","FNC","G2","AST","MAD","G2","RGE","FNC"
"138","BDS","SK","MAD","FNC","G2","AST","MAD","G2","RGE","MSF"
"139","BDS","SK","MAD","FNC","G2","AST","MAD","G2","VIT","FNC"
"140","BDS","SK","MAD","FNC","G2","AST","MAD","G2","VIT","MSF"
"141","BDS","SK","MAD","FNC","G2","AST","MAD","SK","RGE","FNC"
"142","BDS","SK","MAD","FNC","G2","AST","MAD","SK","RGE","MSF"
"143","BDS","SK","MAD","FNC","G2","AST","MAD","SK","VIT","FNC"
"144","BDS","SK","MAD","FNC","G2","AST","MAD","SK","VIT","MSF"
"145","BDS","SK","MAD","FNC","G2","XL","BDS","G2","RGE","FNC"
"146","BDS","SK","MAD","FNC","G2","XL","BDS","G2","RGE","MSF"
"147","BDS","SK","MAD","FNC","G2","XL","BDS","G2","VIT","FNC"
"148","BDS","SK","MAD","FNC","G2","XL","BDS","G2","VIT","MSF"
"149","BDS","SK","MAD","FNC","G2","XL","BDS","SK","RGE","FNC"
"150","BDS","SK","MAD","FNC","G2","XL","BDS","SK","RGE","MSF"
"151","BDS","SK","MAD","FNC","G2","XL","BDS","SK","VIT","FNC"
"152","BDS","SK","MAD","FNC","G2","XL","BDS","SK","VIT","MSF"
"153","BDS","SK","MAD","FNC","G2","XL","MAD","G2","RGE","FNC"
"154","BDS","SK","MAD","FNC","G2","XL","MAD","G2","RGE","MSF"
"155","BDS","SK","MAD","FNC","G2","XL","MAD","G2","VIT","FNC"
"156","BDS","SK","MAD","FNC","G2","XL","MAD","G2","VIT","MSF"
"157","BDS","SK","MAD","FNC","G2","XL","MAD","SK","RGE","FNC"
"158","BDS","SK","MAD","FNC","G2","XL","MAD","SK","RGE","MSF"
"159","BDS","SK","MAD","FNC","G2","XL","MAD","SK","VIT","FNC"
"160","BDS","SK","MAD","FNC","G2","XL","MAD","SK","VIT","MSF"
"161","BDS","SK","MAD","FNC","MSF","AST","BDS","G2","RGE","FNC"
"162","BDS","SK","MAD","FNC","MSF","AST","BDS","G2","RGE","MSF"
"163","BDS","SK","MAD","FNC","MSF","AST","BDS","G2","VIT","FNC"
"164","BDS","SK","MAD","FNC","MSF","AST","BDS","G2","VIT","MSF"
"165","BDS","SK","MAD","FNC","MSF","AST","BDS","SK","RGE","FNC"
"166","BDS","SK","MAD","FNC","MSF","AST","BDS","SK","RGE","MSF"
"167","BDS","SK","MAD","FNC","MSF","AST","BDS","SK","VIT","FNC"
"168","BDS","SK","MAD","FNC","MSF","AST","BDS","SK","VIT","MSF"
"169","BDS","SK","MAD","FNC","MSF","AST","MAD","G2","RGE","FNC"
"170","BDS","SK","MAD","FNC","MSF","AST","MAD","G2","RGE","MSF"
"171","BDS","SK","MAD","FNC","MSF","AST","MAD","G2","VIT","FNC"
"172","BDS","SK","MAD","FNC","MSF","AST","MAD","G2","VIT","MSF"
"173","BDS","SK","MAD","FNC","MSF","AST","MAD","SK","RGE","FNC"
"174","BDS","SK","MAD","FNC","MSF","AST","MAD","SK","RGE","MSF"
"175","BDS","SK","MAD","FNC","MSF","AST","MAD","SK","VIT","FNC"
"176","BDS","SK","MAD","FNC","MSF","AST","MAD","SK","VIT","MSF"
"177","BDS","SK","MAD","FNC","MSF","XL","BDS","G2","RGE","FNC"
"178","BDS","SK","MAD","FNC","MSF","XL","BDS","G2","RGE","MSF"
"179","BDS","SK","MAD","FNC","MSF","XL","BDS","G2","VIT","FNC"
"180","BDS","SK","MAD","FNC","MSF","XL","BDS","G2","VIT","MSF"
"181","BDS","SK","MAD","FNC","MSF","XL","BDS","SK","RGE","FNC"
"182","BDS","SK","MAD","FNC","MSF","XL","BDS","SK","RGE","MSF"
"183","BDS","SK","MAD","FNC","MSF","XL","BDS","SK","VIT","FNC"
"184","BDS","SK","MAD","FNC","MSF","XL","BDS","SK","VIT","MSF"
"185","BDS","SK","MAD","FNC","MSF","XL","MAD","G2","RGE","FNC"
"186","BDS","SK","MAD","FNC","MSF","XL","MAD","G2","RGE","MSF"
"187","BDS","SK","MAD","FNC","MSF","XL","MAD","G2","VIT","FNC"
"188","BDS","SK","MAD","FNC","MSF","XL","MAD","G2","VIT","MSF"
"189","BDS","SK","MAD","FNC","MSF","XL","MAD","SK","RGE","FNC"
"190","BDS","SK","MAD","FNC","MSF","XL","MAD","SK","RGE","MSF"
"191","BDS","SK","MAD","FNC","MSF","XL","MAD","SK","VIT","FNC"
"192","BDS","SK","MAD","FNC","MSF","XL","MAD","SK","VIT","MSF"
"193","BDS","SK","MAD","VIT","G2","AST","BDS","G2","RGE","FNC"
"194","BDS","SK","MAD","VIT","G2","AST","BDS","G2","RGE","MSF"
"195","BDS","SK","MAD","VIT","G2","AST","BDS","G2","VIT","FNC"
"196","BDS","SK","MAD","VIT","G2","AST","BDS","G2","VIT","MSF"
"197","BDS","SK","MAD","VIT","G2","AST","BDS","SK","RGE","FNC"
"198","BDS","SK","MAD","VIT","G2","AST","BDS","SK","RGE","MSF"
"199","BDS","SK","MAD","VIT","G2","AST","BDS","SK","VIT","FNC"
"200","BDS","SK","MAD","VIT","G2","AST","BDS","SK","VIT","MSF"
"201","BDS","SK","MAD","VIT","G2","AST","MAD","G2","RGE","FNC"
"202","BDS","SK","MAD","VIT","G2","AST","MAD","G2","RGE","MSF"
"203","BDS","SK","MAD","VIT","G2","AST","MAD","G2","VIT","FNC"
"204","BDS","SK","MAD","VIT","G2","AST","MAD","G2","VIT","MSF"
"205","BDS","SK","MAD","VIT","G2","AST","MAD","SK","RGE","FNC"
"206","BDS","SK","MAD","VIT","G2","AST","MAD","SK","RGE","MSF"
"207","BDS","SK","MAD","VIT","G2","AST","MAD","SK","VIT","FNC"
"208","BDS","SK","MAD","VIT","G2","AST","MAD","SK","VIT","MSF"
"209","BDS","SK","MAD","VIT","G2","XL","BDS","G2","RGE","FNC"
"210","BDS","SK","MAD","VIT","G2","XL","BDS","G2","RGE","MSF"
"211","BDS","SK","MAD","VIT","G2","XL","BDS","G2","VIT","FNC"
"212","BDS","SK","MAD","VIT","G2","XL","BDS","G2","VIT","MSF"
"213","BDS","SK","MAD","VIT","G2","XL","BDS","SK","RGE","FNC"
"214","BDS","SK","MAD","VIT","G2","XL","BDS","SK","RGE","MSF"
"215","BDS","SK","MAD","VIT","G2","XL","BDS","SK","VIT","FNC"
"216","BDS","SK","MAD","VIT","G2","XL","BDS","SK","VIT","MSF"
"217","BDS","SK","MAD","VIT","G2","XL","MAD","G2","RGE","FNC"
"218","BDS","SK","MAD","VIT","G2","XL","MAD","G2","RGE","MSF"
"219","BDS","SK","MAD","VIT","G2","XL","MAD","G2","VIT","FNC"
"220","BDS","SK","MAD","VIT","G2","XL","MAD","G2","VIT","MSF"
"221","BDS","SK","MAD","VIT","G2","XL","MAD","SK","RGE","FNC"
"222","BDS","SK","MAD","VIT","G2","XL","MAD","SK","RGE","MSF"
"223","BDS","SK","MAD","VIT","G2","XL","MAD","SK","VIT","FNC"
"224","BDS","SK","MAD","VIT","G2","XL","MAD","SK","VIT","MSF"
"225","BDS","SK","MAD","VIT","MSF","AST","BDS","G2","RGE","FNC"
"226","BDS","SK","MAD","VIT","MSF","AST","BDS","G2","RGE","MSF"
"227","BDS","SK","MAD","VIT","MSF","AST","BDS","G2","VIT","FNC"
"228","BDS","SK","MAD","VIT","MSF","AST","BDS","G2","VIT","MSF"
"229","BDS","SK","MAD","VIT","MSF","AST","BDS","SK","RGE","FNC"
"230","BDS","SK","MAD","VIT","MSF","AST","BDS","SK","RGE","MSF"
"231","BDS","SK","MAD","VIT","MSF","AST","BDS","SK","VIT","FNC"
"232","BDS","SK","MAD","VIT","MSF","AST","BDS","SK","VIT","MSF"
"233","BDS","SK","MAD","VIT","MSF","AST","MAD","G2","RGE","FNC"
"234","BDS","SK","MAD","VIT","MSF","AST","MAD","G2","RGE","MSF"
"235","BDS","SK","MAD","VIT","MSF","AST","MAD","G2","VIT","FNC"
"236","BDS","SK","MAD","VIT","MSF","AST","MAD","G2","VIT","MSF"
"237","BDS","SK","MAD","VIT","MSF","AST","MAD","SK","RGE","FNC"
"238","BDS","SK","MAD","VIT","MSF","AST","MAD","SK","RGE","MSF"
"239","BDS","SK","MAD","VIT","MSF","AST","MAD","SK","VIT","FNC"
"240","BDS","SK","MAD","VIT","MSF","AST","MAD","SK","VIT","MSF"
"241","BDS","SK","MAD","VIT","MSF","XL","BDS","G2","RGE","FNC"
"242","BDS","SK","MAD","VIT","MSF","XL","BDS","G2","RGE","MSF"
"243","BDS","SK","MAD","VIT","MSF","XL","BDS","G2","VIT","FNC"
"244","BDS","SK","MAD","VIT","MSF","XL","BDS","G2","VIT","MSF"
"245","BDS","SK","MAD","VIT","MSF","XL","BDS","SK","RGE","FNC"
"246","BDS","SK","MAD","VIT","MSF","XL","BDS","SK","RGE","MSF"
"247","BDS","SK","MAD","VIT","MSF","XL","BDS","SK","VIT","FNC"
"248","BDS","SK","MAD","VIT","MSF","XL","BDS","SK","VIT","MSF"
"249","BDS","SK","MAD","VIT","MSF","XL","MAD","G2","RGE","FNC"
"250","BDS","SK","MAD","VIT","MSF","XL","MAD","G2","RGE","MSF"
"251","BDS","SK","MAD","VIT","MSF","XL","MAD","G2","VIT","FNC"
"252","BDS","SK","MAD","VIT","MSF","XL","MAD","G2","VIT","MSF"
"253","BDS","SK","MAD","VIT","MSF","XL","MAD","SK","RGE","FNC"
"254","BDS","SK","MAD","VIT","MSF","XL","MAD","SK","RGE","MSF"
"255","BDS","SK","MAD","VIT","MSF","XL","MAD","SK","VIT","FNC"
"256","BDS","SK","MAD","VIT","MSF","XL","MAD","SK","VIT","MSF"
"257","BDS","XL","AST","FNC","G2","AST","BDS","G2","RGE","FNC"
"258","BDS","XL","AST","FNC","G2","AST","BDS","G2","RGE","MSF"
"259","BDS","XL","AST","FNC","G2","AST","BDS","G2","VIT","FNC"
"260","BDS","XL","AST","FNC","G2","AST","BDS","G2","VIT","MSF"
"261","BDS","XL","AST","FNC","G2","AST","BDS","SK","RGE","FNC"
"262","BDS","XL","AST","FNC","G2","AST","BDS","SK","RGE","MSF"
"263","BDS","XL","AST","FNC","G2","AST","BDS","SK","VIT","FNC"
"264","BDS","XL","AST","FNC","G2","AST","BDS","SK","VIT","MSF"
"265","BDS","XL","AST","FNC","G2","AST","MAD","G2","RGE","FNC"
"266","BDS","XL","AST","FNC","G2","AST","MAD","G2","RGE","MSF"
"267","BDS","XL","AST","FNC","G2","AST","MAD","G2","VIT","FNC"
"268","BDS","XL","AST","FNC","G2","AST","MAD","G2","VIT","MSF"
"269","BDS","XL","AST","FNC","G2","AST","MAD","SK","RGE","FNC"
"270","BDS","XL","AST","FNC","G2","AST","MAD","SK","RGE","MSF"
"271","BDS","XL","AST","FNC","G2","AST","MAD","SK","VIT","FNC"
"272","BDS","XL","AST","FNC","G2","AST","MAD","SK","VIT","MSF"
"273","BDS","XL","AST","FNC","G2","XL","BDS","G2","RGE","FNC"
"274","BDS","XL","AST","FNC","G2","XL","BDS","G2","RGE","MSF"
"275","BDS","XL","AST","FNC","G2","XL","BDS","G2","VIT","FNC"
"276","BDS","XL","AST","FNC","G2","XL","BDS","G2","VIT","MSF"
"277","BDS","XL","AST","FNC","G2","XL","BDS","SK","RGE","FNC"
"278","BDS","XL","AST","FNC","G2","XL","BDS","SK","RGE","MSF"
"279","BDS","XL","AST","FNC","G2","XL","BDS","SK","VIT","FNC"
"280","BDS","XL","AST","FNC","G2","XL","BDS","SK","VIT","MSF"
"281","BDS","XL","AST","FNC","G2","XL","MAD","G2","RGE","FNC"
"282","BDS","XL","AST","FNC","G2","XL","MAD","G2","RGE","MSF"
"283","BDS","XL","AST","FNC","G2","XL","MAD","G2","VIT","FNC"
"284","BDS","XL","AST","FNC","G2","XL","MAD","G2","VIT","MSF"
"285","BDS","XL","AST","FNC","G2","XL","MAD","SK","RGE","FNC"
"286","BDS","XL","AST","FNC","G2","XL","MAD","SK","RGE","MSF"
"287","BDS","XL","AST","FNC","G2","XL","MAD","SK","VIT","FNC"
"288","BDS","XL","AST","FNC","G2","XL","MAD","SK","VIT","MSF"
"289","BDS","XL","AST","FNC","MSF","AST","BDS","G2","RGE","FNC"
"290","BDS","XL","AST","FNC","MSF","AST","BDS","G2","RGE","MSF"
"291","BDS","XL","AST","FNC","MSF","AST","BDS","G2","VIT","FNC"
"292","BDS","XL","AST","FNC","MSF","AST","BDS","G2","VIT","MSF"
"293","BDS","XL","AST","FNC","MSF","AST","BDS","SK","RGE","FNC"
"294","BDS","XL","AST","FNC","MSF","AST","BDS","SK","RGE","MSF"
"295","BDS","XL","AST","FNC","MSF","AST","BDS","SK","VIT","FNC"
"296","BDS","XL","AST","FNC","MSF","AST","BDS","SK","VIT","MSF"
"297","BDS","XL","AST","FNC","MSF","AST","MAD","G2","RGE","FNC"
"298","BDS","XL","AST","FNC","MSF","AST","MAD","G2","RGE","MSF"
"299","BDS","XL","AST","FNC","MSF","AST","MAD","G2","VIT","FNC"
"300","BDS","XL","AST","FNC","MSF","AST","MAD","G2","VIT","MSF"
"301","BDS","XL","AST","FNC","MSF","AST","MAD","SK","RGE","FNC"
"302","BDS","XL","AST","FNC","MSF","AST","MAD","SK","RGE","MSF"
"303","BDS","XL","AST","FNC","MSF","AST","MAD","SK","VIT","FNC"
"304","BDS","XL","AST","FNC","MSF","AST","MAD","SK","VIT","MSF"
"305","BDS","XL","AST","FNC","MSF","XL","BDS","G2","RGE","FNC"
"306","BDS","XL","AST","FNC","MSF","XL","BDS","G2","RGE","MSF"
"307","BDS","XL","AST","FNC","MSF","XL","BDS","G2","VIT","FNC"
"308","BDS","XL","AST","FNC","MSF","XL","BDS","G2","VIT","MSF"
"309","BDS","XL","AST","FNC","MSF","XL","BDS","SK","RGE","FNC"
"310","BDS","XL","AST","FNC","MSF","XL","BDS","SK","RGE","MSF"
"311","BDS","XL","AST","FNC","MSF","XL","BDS","SK","VIT","FNC"
"312","BDS","XL","AST","FNC","MSF","XL","BDS","SK","VIT","MSF"
"313","BDS","XL","AST","FNC","MSF","XL","MAD","G2","RGE","FNC"
"314","BDS","XL","AST","FNC","MSF","XL","MAD","G2","RGE","MSF"
"315","BDS","XL","AST","FNC","MSF","XL","MAD","G2","VIT","FNC"
"316","BDS","XL","AST","FNC","MSF","XL","MAD","G2","VIT","MSF"
"317","BDS","XL","AST","FNC","MSF","XL","MAD","SK","RGE","FNC"
"318","BDS","XL","AST","FNC","MSF","XL","MAD","SK","RGE","MSF"
"319","BDS","XL","AST","FNC","MSF","XL","MAD","SK","VIT","FNC"
"320","BDS","XL","AST","FNC","MSF","XL","MAD","SK","VIT","MSF"
"321","BDS","XL","AST","VIT","G2","AST","BDS","G2","RGE","FNC"
"322","BDS","XL","AST","VIT","G2","AST","BDS","G2","RGE","MSF"
"323","BDS","XL","AST","VIT","G2","AST","BDS","G2","VIT","FNC"
"324","BDS","XL","AST","VIT","G2","AST","BDS","G2","VIT","MSF"
"325","BDS","XL","AST","VIT","G2","AST","BDS","SK","RGE","FNC"
"326","BDS","XL","AST","VIT","G2","AST","BDS","SK","RGE","MSF"
"327","BDS","XL","AST","VIT","G2","AST","BDS","SK","VIT","FNC"
"328","BDS","XL","AST","VIT","G2","AST","BDS","SK","VIT","MSF"
"329","BDS","XL","AST","VIT","G2","AST","MAD","G2","RGE","FNC"
"330","BDS","XL","AST","VIT","G2","AST","MAD","G2","RGE","MSF"
"331","BDS","XL","AST","VIT","G2","AST","MAD","G2","VIT","FNC"
"332","BDS","XL","AST","VIT","G2","AST","MAD","G2","VIT","MSF"
"333","BDS","XL","AST","VIT","G2","AST","MAD","SK","RGE","FNC"
"334","BDS","XL","AST","VIT","G2","AST","MAD","SK","RGE","MSF"
"335","BDS","XL","AST","VIT","G2","AST","MAD","SK","VIT","FNC"
"336","BDS","XL","AST","VIT","G2","AST","MAD","SK","VIT","MSF"
"337","BDS","XL","AST","VIT","G2","XL","BDS","G2","RGE","FNC"
"338","BDS","XL","AST","VIT","G2","XL","BDS","G2","RGE","MSF"
"339","BDS","XL","AST","VIT","G2","XL","BDS","G2","VIT","FNC"
"340","BDS","XL","AST","VIT","G2","XL","BDS","G2","VIT","MSF"
"341","BDS","XL","AST","VIT","G2","XL","BDS","SK","RGE","FNC"
"342","BDS","XL","AST","VIT","G2","XL","BDS","SK","RGE","MSF"
"343","BDS","XL","AST","VIT","G2","XL","BDS","SK","VIT","FNC"
"344","BDS","XL","AST","VIT","G2","XL","BDS","SK","VIT","MSF"
"345","BDS","XL","AST","VIT","G2","XL","MAD","G2","RGE","FNC"
"346","BDS","XL","AST","VIT","G2","XL","MAD","G2","RGE","MSF"
"347","BDS","XL","AST","VIT","G2","XL","MAD","G2","VIT","FNC"
"348","BDS","XL","AST","VIT","G2","XL","MAD","G2","VIT","MSF"
"349","BDS","XL","AST","VIT","G2","XL","MAD","SK","RGE","FNC"
"350","BDS","XL","AST","VIT","G2","XL","MAD","SK","RGE","MSF"
"351","BDS","XL","AST","VIT","G2","XL","MAD","SK","VIT","FNC"
"352","BDS","XL","AST","VIT","G2","XL","MAD","SK","VIT","MSF"
"353","BDS","XL","AST","VIT","MSF","AST","BDS","G2","RGE","FNC"
"354","BDS","XL","AST","VIT","MSF","AST","BDS","G2","RGE","MSF"
"355","BDS","XL","AST","VIT","MSF","AST","BDS","G2","VIT","FNC"
"356","BDS","XL","AST","VIT","MSF","AST","BDS","G2","VIT","MSF"
"357","BDS","XL","AST","VIT","MSF","AST","BDS","SK","RGE","FNC"
"358","BDS","XL","AST","VIT","MSF","AST","BDS","SK","RGE","MSF"
"359","BDS","XL","AST","VIT","MSF","AST","BDS","SK","VIT","FNC"
"360","BDS","XL","AST","VIT","MSF","AST","BDS","SK","VIT","MSF"
"361","BDS","XL","AST","VIT","MSF","AST","MAD","G2","RGE","FNC"
"362","BDS","XL","AST","VIT","MSF","AST","MAD","G2","RGE","MSF"
"363","BDS","XL","AST","VIT","MSF","AST","MAD","G2","VIT","FNC"
"364","BDS","XL","AST","VIT","MSF","AST","MAD","G2","VIT","MSF"
"365","BDS","XL","AST","VIT","MSF","AST","MAD","SK","RGE","FNC"
"366","BDS","XL","AST","VIT","MSF","AST","MAD","SK","RGE","MSF"
"367","BDS","XL","AST","VIT","MSF","AST","MAD","SK","VIT","FNC"
"368","BDS","XL","AST","VIT","MSF","AST","MAD","SK","VIT","MSF"
"369","BDS","XL","AST","VIT","MSF","XL","BDS","G2","RGE","FNC"
"370","BDS","XL","AST","VIT","MSF","XL","BDS","G2","RGE","MSF"
"371","BDS","XL","AST","VIT","MSF","XL","BDS","G2","VIT","FNC"
"372","BDS","XL","AST","VIT","MSF","XL","BDS","G2","VIT","MSF"
"373","BDS","XL","AST","VIT","MSF","XL","BDS","SK","RGE","FNC"
"374","BDS","XL","AST","VIT","MSF","XL","BDS","SK","RGE","MSF"
"375","BDS","XL","AST","VIT","MSF","XL","BDS","SK","VIT","FNC"
"376","BDS","XL","AST","VIT","MSF","XL","BDS","SK","VIT","MSF"
"377","BDS","XL","AST","VIT","MSF","XL","MAD","G2","RGE","FNC"
"378","BDS","XL","AST","VIT","MSF","XL","MAD","G2","RGE","MSF"
"379","BDS","XL","AST","VIT","MSF","XL","MAD","G2","VIT","FNC"
"380","BDS","XL","AST","VIT","MSF","XL","MAD","G2","VIT","MSF"
"381","BDS","XL","AST","VIT","MSF","XL","MAD","SK","RGE","FNC"
"382","BDS","XL","AST","VIT","MSF","XL","MAD","SK","RGE","MSF"
"383","BDS","XL","AST","VIT","MSF","XL","MAD","SK","VIT","FNC"
"384","BDS","XL","AST","VIT","MSF","XL","MAD","SK","VIT","MSF"
"385","BDS","XL","MAD","FNC","G2","AST","BDS","G2","RGE","FNC"
"386","BDS","XL","MAD","FNC","G2","AST","BDS","G2","RGE","MSF"
"387","BDS","XL","MAD","FNC","G2","AST","BDS","G2","VIT","FNC"
"388","BDS","XL","MAD","FNC","G2","AST","BDS","G2","VIT","MSF"
"389","BDS","XL","MAD","FNC","G2","AST","BDS","SK","RGE","FNC"
"390","BDS","XL","MAD","FNC","G2","AST","BDS","SK","RGE","MSF"
"391","BDS","XL","MAD","FNC","G2","AST","BDS","SK","VIT","FNC"
"392","BDS","XL","MAD","FNC","G2","AST","BDS","SK","VIT","MSF"
"393","BDS","XL","MAD","FNC","G2","AST","MAD","G2","RGE","FNC"
"394","BDS","XL","MAD","FNC","G2","AST","MAD","G2","RGE","MSF"
"395","BDS","XL","MAD","FNC","G2","AST","MAD","G2","VIT","FNC"
"396","BDS","XL","MAD","FNC","G2","AST","MAD","G2","VIT","MSF"
"397","BDS","XL","MAD","FNC","G2","AST","MAD","SK","RGE","FNC"
"398","BDS","XL","MAD","FNC","G2","AST","MAD","SK","RGE","MSF"
"399","BDS","XL","MAD","FNC","G2","AST","MAD","SK","VIT","FNC"
"400","BDS","XL","MAD","FNC","G2","AST","MAD","SK","VIT","MSF"
"401","BDS","XL","MAD","FNC","G2","XL","BDS","G2","RGE","FNC"
"402","BDS","XL","MAD","FNC","G2","XL","BDS","G2","RGE","MSF"
"403","BDS","XL","MAD","FNC","G2","XL","BDS","G2","VIT","FNC"
"404","BDS","XL","MAD","FNC","G2","XL","BDS","G2","VIT","MSF"
"405","BDS","XL","MAD","FNC","G2","XL","BDS","SK","RGE","FNC"
"406","BDS","XL","MAD","FNC","G2","XL","BDS","SK","RGE","MSF"
"407","BDS","XL","MAD","FNC","G2","XL","BDS","SK","VIT","FNC"
"408","BDS","XL","MAD","FNC","G2","XL","BDS","SK","VIT","MSF"
"409","BDS","XL","MAD","FNC","G2","XL","MAD","G2","RGE","FNC"
"410","BDS","XL","MAD","FNC","G2","XL","MAD","G2","RGE","MSF"
"411","BDS","XL","MAD","FNC","G2","XL","MAD","G2","VIT","FNC"
"412","BDS","XL","MAD","FNC","G2","XL","MAD","G2","VIT","MSF"
"413","BDS","XL","MAD","FNC","G2","XL","MAD","SK","RGE","FNC"
"414","BDS","XL","MAD","FNC","G2","XL","MAD","SK","RGE","MSF"
"415","BDS","XL","MAD","FNC","G2","XL","MAD","SK","VIT","FNC"
"416","BDS","XL","MAD","FNC","G2","XL","MAD","SK","VIT","MSF"
"417","BDS","XL","MAD","FNC","MSF","AST","BDS","G2","RGE","FNC"
"418","BDS","XL","MAD","FNC","MSF","AST","BDS","G2","RGE","MSF"
"419","BDS","XL","MAD","FNC","MSF","AST","BDS","G2","VIT","FNC"
"420","BDS","XL","MAD","FNC","MSF","AST","BDS","G2","VIT","MSF"
"421","BDS","XL","MAD","FNC","MSF","AST","BDS","SK","RGE","FNC"
"422","BDS","XL","MAD","FNC","MSF","AST","BDS","SK","RGE","MSF"
"423","BDS","XL","MAD","FNC","MSF","AST","BDS","SK","VIT","FNC"
"424","BDS","XL","MAD","FNC","MSF","AST","BDS","SK","VIT","MSF"
"425","BDS","XL","MAD","FNC","MSF","AST","MAD","G2","RGE","FNC"
"426","BDS","XL","MAD","FNC","MSF","AST","MAD","G2","RGE","MSF"
"427","BDS","XL","MAD","FNC","MSF","AST","MAD","G2","VIT","FNC"
"428","BDS","XL","MAD","FNC","MSF","AST","MAD","G2","VIT","MSF"
"429","BDS","XL","MAD","FNC","MSF","AST","MAD","SK","RGE","FNC"
"430","BDS","XL","MAD","FNC","MSF","AST","MAD","SK","RGE","MSF"
"431","BDS","XL","MAD","FNC","MSF","AST","MAD","SK","VIT","FNC"
"432","BDS","XL","MAD","FNC","MSF","AST","MAD","SK","VIT","MSF"
"433","BDS","XL","MAD","FNC","MSF","XL","BDS","G2","RGE","FNC"
"434","BDS","XL","MAD","FNC","MSF","XL","BDS","G2","RGE","MSF"
"435","BDS","XL","MAD","FNC","MSF","XL","BDS","G2","VIT","FNC"
"436","BDS","XL","MAD","FNC","MSF","XL","BDS","G2","VIT","MSF"
"437","BDS","XL","MAD","FNC","MSF","XL","BDS","SK","RGE","FNC"
"438","BDS","XL","MAD","FNC","MSF","XL","BDS","SK","RGE","MSF"
"439","BDS","XL","MAD","FNC","MSF","XL","BDS","SK","VIT","FNC"
"440","BDS","XL","MAD","FNC","MSF","XL","BDS","SK","VIT","MSF"
"441","BDS","XL","MAD","FNC","MSF","XL","MAD","G2","RGE","FNC"
"442","BDS","XL","MAD","FNC","MSF","XL","MAD","G2","RGE","MSF"
"443","BDS","XL","MAD","FNC","MSF","XL","MAD","G2","VIT","FNC"
"444","BDS","XL","MAD","FNC","MSF","XL","MAD","G2","VIT","MSF"
"445","BDS","XL","MAD","FNC","MSF","XL","MAD","SK","RGE","FNC"
"446","BDS","XL","MAD","FNC","MSF","XL","MAD","SK","RGE","MSF"
"447","BDS","XL","MAD","FNC","MSF","XL","MAD","SK","VIT","FNC"
"448","BDS","XL","MAD","FNC","MSF","XL","MAD","SK","VIT","MSF"
"449","BDS","XL","MAD","VIT","G2","AST","BDS","G2","RGE","FNC"
"450","BDS","XL","MAD","VIT","G2","AST","BDS","G2","RGE","MSF"
"451","BDS","XL","MAD","VIT","G2","AST","BDS","G2","VIT","FNC"
"452","BDS","XL","MAD","VIT","G2","AST","BDS","G2","VIT","MSF"
"453","BDS","XL","MAD","VIT","G2","AST","BDS","SK","RGE","FNC"
"454","BDS","XL","MAD","VIT","G2","AST","BDS","SK","RGE","MSF"
"455","BDS","XL","MAD","VIT","G2","AST","BDS","SK","VIT","FNC"
"456","BDS","XL","MAD","VIT","G2","AST","BDS","SK","VIT","MSF"
"457","BDS","XL","MAD","VIT","G2","AST","MAD","G2","RGE","FNC"
"458","BDS","XL","MAD","VIT","G2","AST","MAD","G2","RGE","MSF"
"459","BDS","XL","MAD","VIT","G2","AST","MAD","G2","VIT","FNC"
"460","BDS","XL","MAD","VIT","G2","AST","MAD","G2","VIT","MSF"
"461","BDS","XL","MAD","VIT","G2","AST","MAD","SK","RGE","FNC"
"462","BDS","XL","MAD","VIT","G2","AST","MAD","SK","RGE","MSF"
"463","BDS","XL","MAD","VIT","G2","AST","MAD","SK","VIT","FNC"
"464","BDS","XL","MAD","VIT","G2","AST","MAD","SK","VIT","MSF"
"465","BDS","XL","MAD","VIT","G2","XL","BDS","G2","RGE","FNC"
"466","BDS","XL","MAD","VIT","G2","XL","BDS","G2","RGE","MSF"
"467","BDS","XL","MAD","VIT","G2","XL","BDS","G2","VIT","FNC"
"468","BDS","XL","MAD","VIT","G2","XL","BDS","G2","VIT","MSF"
"469","BDS","XL","MAD","VIT","G2","XL","BDS","SK","RGE","FNC"
"470","BDS","XL","MAD","VIT","G2","XL","BDS","SK","RGE","MSF"
"471","BDS","XL","MAD","VIT","G2","XL","BDS","SK","VIT","FNC"
"472","BDS","XL","MAD","VIT","G2","XL","BDS","SK","VIT","MSF"
"473","BDS","XL","MAD","VIT","G2","XL","MAD","G2","RGE","FNC"
"474","BDS","XL","MAD","VIT","G2","XL","MAD","G2","RGE","MSF"
"475","BDS","XL","MAD","VIT","G2","XL","MAD","G2","VIT","FNC"
"476","BDS","XL","MAD","VIT","G2","XL","MAD","G2","VIT","MSF"
"477","BDS","XL","MAD","VIT","G2","XL","MAD","SK","RGE","FNC"
"478","BDS","XL","MAD","VIT","G2","XL","MAD","SK","RGE","MSF"
"479","BDS","XL","MAD","VIT","G2","XL","MAD","SK","VIT","FNC"
"480","BDS","XL","MAD","VIT","G2","XL","MAD","SK","VIT","MSF"
"481","BDS","XL","MAD","VIT","MSF","AST","BDS","G2","RGE","FNC"
"482","BDS","XL","MAD","VIT","MSF","AST","BDS","G2","RGE","MSF"
"483","BDS","XL","MAD","VIT","MSF","AST","BDS","G2","VIT","FNC"
"484","BDS","XL","MAD","VIT","MSF","AST","BDS","G2","VIT","MSF"
"485","BDS","XL","MAD","VIT","MSF","AST","BDS","SK","RGE","FNC"
"486","BDS","XL","MAD","VIT","MSF","AST","BDS","SK","RGE","MSF"
"487","BDS","XL","MAD","VIT","MSF","AST","BDS","SK","VIT","FNC"
"488","BDS","XL","MAD","VIT","MSF","AST","BDS","SK","VIT","MSF"
"489","BDS","XL","MAD","VIT","MSF","AST","MAD","G2","RGE","FNC"
"490","BDS","XL","MAD","VIT","MSF","AST","MAD","G2","RGE","MSF"
"491","BDS","XL","MAD","VIT","MSF","AST","MAD","G2","VIT","FNC"
"492","BDS","XL","MAD","VIT","MSF","AST","MAD","G2","VIT","MSF"
"493","BDS","XL","MAD","VIT","MSF","AST","MAD","SK","RGE","FNC"
"494","BDS","XL","MAD","VIT","MSF","AST","MAD","SK","RGE","MSF"
"495","BDS","XL","MAD","VIT","MSF","AST","MAD","SK","VIT","FNC"
"496","BDS","XL","MAD","VIT","MSF","AST","MAD","SK","VIT","MSF"
"497","BDS","XL","MAD","VIT","MSF","XL","BDS","G2","RGE","FNC"
"498","BDS","XL","MAD","VIT","MSF","XL","BDS","G2","RGE","MSF"
"499","BDS","XL","MAD","VIT","MSF","XL","BDS","G2","VIT","FNC"
"500","BDS","XL","MAD","VIT","MSF","XL","BDS","G2","VIT","MSF"
"501","BDS","XL","MAD","VIT","MSF","XL","BDS","SK","RGE","FNC"
"502","BDS","XL","MAD","VIT","MSF","XL","BDS","SK","RGE","MSF"
"503","BDS","XL","MAD","VIT","MSF","XL","BDS","SK","VIT","FNC"
"504","BDS","XL","MAD","VIT","MSF","XL","BDS","SK","VIT","MSF"
"505","BDS","XL","MAD","VIT","MSF","XL","MAD","G2","RGE","FNC"
"506","BDS","XL","MAD","VIT","MSF","XL","MAD","G2","RGE","MSF"
"507","BDS","XL","MAD","VIT","MSF","XL","MAD","G2","VIT","FNC"
"508","BDS","XL","MAD","VIT","MSF","XL","MAD","G2","VIT","MSF"
"509","BDS","XL","MAD","VIT","MSF","XL","MAD","SK","RGE","FNC"
"510","BDS","XL","MAD","VIT","MSF","XL","MAD","SK","RGE","MSF"
"511","BDS","XL","MAD","VIT","MSF","XL","MAD","SK","VIT","FNC"
"512","BDS","XL","MAD","VIT","MSF","XL","MAD","SK","VIT","MSF"
"513","RGE","SK","AST","FNC","G2","AST","BDS","G2","RGE","FNC"
"514","RGE","SK","AST","FNC","G2","AST","BDS","G2","RGE","MSF"
"515","RGE","SK","AST","FNC","G2","AST","BDS","G2","VIT","FNC"
"516","RGE","SK","AST","FNC","G2","AST","BDS","G2","VIT","MSF"
"517","RGE","SK","AST","FNC","G2","AST","BDS","SK","RGE","FNC"
"518","RGE","SK","AST","FNC","G2","AST","BDS","SK","RGE","MSF"
"519","RGE","SK","AST","FNC","G2","AST","BDS","SK","VIT","FNC"
"520","RGE","SK","AST","FNC","G2","AST","BDS","SK","VIT","MSF"
"521","RGE","SK","AST","FNC","G2","AST","MAD","G2","RGE","FNC"
"522","RGE","SK","AST","FNC","G2","AST","MAD","G2","RGE","MSF"
"523","RGE","SK","AST","FNC","G2","AST","MAD","G2","VIT","FNC"
"524","RGE","SK","AST","FNC","G2","AST","MAD","G2","VIT","MSF"
"525","RGE","SK","AST","FNC","G2","AST","MAD","SK","RGE","FNC"
"526","RGE","SK","AST","FNC","G2","AST","MAD","SK","RGE","MSF"
"527","RGE","SK","AST","FNC","G2","AST","MAD","SK","VIT","FNC"
"528","RGE","SK","AST","FNC","G2","AST","MAD","SK","VIT","MSF"
"529","RGE","SK","AST","FNC","G2","XL","BDS","G2","RGE","FNC"
"530","RGE","SK","AST","FNC","G2","XL","BDS","G2","RGE","MSF"
"531","RGE","SK","AST","FNC","G2","XL","BDS","G2","VIT","FNC"
"532","RGE","SK","AST","FNC","G2","XL","BDS","G2","VIT","MSF"
"533","RGE","SK","AST","FNC","G2","XL","BDS","SK","RGE","FNC"
"534","RGE","SK","AST","FNC","G2","XL","BDS","SK","RGE","MSF"
"535","RGE","SK","AST","FNC","G2","XL","BDS","SK","VIT","FNC"
"536","RGE","SK","AST","FNC","G2","XL","BDS","SK","VIT","MSF"
"537","RGE","SK","AST","FNC","G2","XL","MAD","G2","RGE","FNC"
"538","RGE","SK","AST","FNC","G2","XL","MAD","G2","RGE","MSF"
"539","RGE","SK","AST","FNC","G2","XL","MAD","G2","VIT","FNC"
"540","RGE","SK","AST","FNC","G2","XL","MAD","G2","VIT","MSF"
"541","RGE","SK","AST","FNC","G2","XL","MAD","SK","RGE","FNC"
"542","RGE","SK","AST","FNC","G2","XL","MAD","SK","RGE","MSF"
"543","RGE","SK","AST","FNC","G2","XL","MAD","SK","VIT","FNC"
"544","RGE","SK","AST","FNC","G2","XL","MAD","SK","VIT","MSF"
"545","RGE","SK","AST","FNC","MSF","AST","BDS","G2","RGE","FNC"
"546","RGE","SK","AST","FNC","MSF","AST","BDS","G2","RGE","MSF"
"547","RGE","SK","AST","FNC","MSF","AST","BDS","G2","VIT","FNC"
"548","RGE","SK","AST","FNC","MSF","AST","BDS","G2","VIT","MSF"
"549","RGE","SK","AST","FNC","MSF","AST","BDS","SK","RGE","FNC"
"550","RGE","SK","AST","FNC","MSF","AST","BDS","SK","RGE","MSF"
"551","RGE","SK","AST","FNC","MSF","AST","BDS","SK","VIT","FNC"
"552","RGE","SK","AST","FNC","MSF","AST","BDS","SK","VIT","MSF"
"553","RGE","SK","AST","FNC","MSF","AST","MAD","G2","RGE","FNC"
"554","RGE","SK","AST","FNC","MSF","AST","MAD","G2","RGE","MSF"
"555","RGE","SK","AST","FNC","MSF","AST","MAD","G2","VIT","FNC"
"556","RGE","SK","AST","FNC","MSF","AST","MAD","G2","VIT","MSF"
"557","RGE","SK","AST","FNC","MSF","AST","MAD","SK","RGE","FNC"
"558","RGE","SK","AST","FNC","MSF","AST","MAD","SK","RGE","MSF"
"559","RGE","SK","AST","FNC","MSF","AST","MAD","SK","VIT","FNC"
"560","RGE","SK","AST","FNC","MSF","AST","MAD","SK","VIT","MSF"
"561","RGE","SK","AST","FNC","MSF","XL","BDS","G2","RGE","FNC"
"562","RGE","SK","AST","FNC","MSF","XL","BDS","G2","RGE","MSF"
"563","RGE","SK","AST","FNC","MSF","XL","BDS","G2","VIT","FNC"
"564","RGE","SK","AST","FNC","MSF","XL","BDS","G2","VIT","MSF"
"565","RGE","SK","AST","FNC","MSF","XL","BDS","SK","RGE","FNC"
"566","RGE","SK","AST","FNC","MSF","XL","BDS","SK","RGE","MSF"
"567","RGE","SK","AST","FNC","MSF","XL","BDS","SK","VIT","FNC"
"568","RGE","SK","AST","FNC","MSF","XL","BDS","SK","VIT","MSF"
"569","RGE","SK","AST","FNC","MSF","XL","MAD","G2","RGE","FNC"
"570","RGE","SK","AST","FNC","MSF","XL","MAD","G2","RGE","MSF"
"571","RGE","SK","AST","FNC","MSF","XL","MAD","G2","VIT","FNC"
"572","RGE","SK","AST","FNC","MSF","XL","MAD","G2","VIT","MSF"
"573","RGE","SK","AST","FNC","MSF","XL","MAD","SK","RGE","FNC"
"574","RGE","SK","AST","FNC","MSF","XL","MAD","SK","RGE","MSF"
"575","RGE","SK","AST","FNC","MSF","XL","MAD","SK","VIT","FNC"
"576","RGE","SK","AST","FNC","MSF","XL","MAD","SK","VIT","MSF"
"577","RGE","SK","AST","VIT","G2","AST","BDS","G2","RGE","FNC"
"578","RGE","SK","AST","VIT","G2","AST","BDS","G2","RGE","MSF"
"579","RGE","SK","AST","VIT","G2","AST","BDS","G2","VIT","FNC"
"580","RGE","SK","AST","VIT","G2","AST","BDS","G2","VIT","MSF"
"581","RGE","SK","AST","VIT","G2","AST","BDS","SK","RGE","FNC"
"582","RGE","SK","AST","VIT","G2","AST","BDS","SK","RGE","MSF"
"583","RGE","SK","AST","VIT","G2","AST","BDS","SK","VIT","FNC"
"584","RGE","SK","AST","VIT","G2","AST","BDS","SK","VIT","MSF"
"585","RGE","SK","AST","VIT","G2","AST","MAD","G2","RGE","FNC"
"586","RGE","SK","AST","VIT","G2","AST","MAD","G2","RGE","MSF"
"587","RGE","SK","AST","VIT","G2","AST","MAD","G2","VIT","FNC"
"588","RGE","SK","AST","VIT","G2","AST","MAD","G2","VIT","MSF"
"589","RGE","SK","AST","VIT","G2","AST","MAD","SK","RGE","FNC"
"590","RGE","SK","AST","VIT","G2","AST","MAD","SK","RGE","MSF"
"591","RGE","SK","AST","VIT","G2","AST","MAD","SK","VIT","FNC"
"592","RGE","SK","AST","VIT","G2","AST","MAD","SK","VIT","MSF"
"593","RGE","SK","AST","VIT","G2","XL","BDS","G2","RGE","FNC"
"594","RGE","SK","AST","VIT","G2","XL","BDS","G2","RGE","MSF"
"595","RGE","SK","AST","VIT","G2","XL","BDS","G2","VIT","FNC"
"596","RGE","SK","AST","VIT","G2","XL","BDS","G2","VIT","MSF"
"597","RGE","SK","AST","VIT","G2","XL","BDS","SK","RGE","FNC"
"598","RGE","SK","AST","VIT","G2","XL","BDS","SK","RGE","MSF"
"599","RGE","SK","AST","VIT","G2","XL","BDS","SK","VIT","FNC"
"600","RGE","SK","AST","VIT","G2","XL","BDS","SK","VIT","MSF"
"601","RGE","SK","AST","VIT","G2","XL","MAD","G2","RGE","FNC"
"602","RGE","SK","AST","VIT","G2","XL","MAD","G2","RGE","MSF"
"603","RGE","SK","AST","VIT","G2","XL","MAD","G2","VIT","FNC"
"604","RGE","SK","AST","VIT","G2","XL","MAD","G2","VIT","MSF"
"605","RGE","SK","AST","VIT","G2","XL","MAD","SK","RGE","FNC"
"606","RGE","SK","AST","VIT","G2","XL","MAD","SK","RGE","MSF"
"607","RGE","SK","AST","VIT","G2","XL","MAD","SK","VIT","FNC"
"608","RGE","SK","AST","VIT","G2","XL","MAD","SK","VIT","MSF"
"609","RGE","SK","AST","VIT","MSF","AST","BDS","G2","RGE","FNC"
"610","RGE","SK","AST","VIT","MSF","AST","BDS","G2","RGE","MSF"
"611","RGE","SK","AST","VIT","MSF","AST","BDS","G2","VIT","FNC"
"612","RGE","SK","AST","VIT","MSF","AST","BDS","G2","VIT","MSF"
"613","RGE","SK","AST","VIT","MSF","AST","BDS","SK","RGE","FNC"
"614","RGE","SK","AST","VIT","MSF","AST","BDS","SK","RGE","MSF"
"615","RGE","SK","AST","VIT","MSF","AST","BDS","SK","VIT","FNC"
"616","RGE","SK","AST","VIT","MSF","AST","BDS","SK","VIT","MSF"
"617","RGE","SK","AST","VIT","MSF","AST","MAD","G2","RGE","FNC"
"618","RGE","SK","AST","VIT","MSF","AST","MAD","G2","RGE","MSF"
"619","RGE","SK","AST","VIT","MSF","AST","MAD","G2","VIT","FNC"
"620","RGE","SK","AST","VIT","MSF","AST","MAD","G2","VIT","MSF"
"621","RGE","SK","AST","VIT","MSF","AST","MAD","SK","RGE","FNC"
"622","RGE","SK","AST","VIT","MSF","AST","MAD","SK","RGE","MSF"
"623","RGE","SK","AST","VIT","MSF","AST","MAD","SK","VIT","FNC"
"624","RGE","SK","AST","VIT","MSF","AST","MAD","SK","VIT","MSF"
"625","RGE","SK","AST","VIT","MSF","XL","BDS","G2","RGE","FNC"
"626","RGE","SK","AST","VIT","MSF","XL","BDS","G2","RGE","MSF"
"627","RGE","SK","AST","VIT","MSF","XL","BDS","G2","VIT","FNC"
"628","RGE","SK","AST","VIT","MSF","XL","BDS","G2","VIT","MSF"
"629","RGE","SK","AST","VIT","MSF","XL","BDS","SK","RGE","FNC"
"630","RGE","SK","AST","VIT","MSF","XL","BDS","SK","RGE","MSF"
"631","RGE","SK","AST","VIT","MSF","XL","BDS","SK","VIT","FNC"
"632","RGE","SK","AST","VIT","MSF","XL","BDS","SK","VIT","MSF"
"633","RGE","SK","AST","VIT","MSF","XL","MAD","G2","RGE","FNC"
"634","RGE","SK","AST","VIT","MSF","XL","MAD","G2","RGE","MSF"
"635","RGE","SK","AST","VIT","MSF","XL","MAD","G2","VIT","FNC"
"636","RGE","SK","AST","VIT","MSF","XL","MAD","G2","VIT","MSF"
"637","RGE","SK","AST","VIT","MSF","XL","MAD","SK","RGE","FNC"
"638","RGE","SK","AST","VIT","MSF","XL","MAD","SK","RGE","MSF"
"639","RGE","SK","AST","VIT","MSF","XL","MAD","SK","VIT","FNC"
"640","RGE","SK","AST","VIT","MSF","XL","MAD","SK","VIT","MSF"
"641","RGE","SK","MAD","FNC","G2","AST","BDS","G2","RGE","FNC"
"642","RGE","SK","MAD","FNC","G2","AST","BDS","G2","RGE","MSF"
"643","RGE","SK","MAD","FNC","G2","AST","BDS","G2","VIT","FNC"
"644","RGE","SK","MAD","FNC","G2","AST","BDS","G2","VIT","MSF"
"645","RGE","SK","MAD","FNC","G2","AST","BDS","SK","RGE","FNC"
"646","RGE","SK","MAD","FNC","G2","AST","BDS","SK","RGE","MSF"
"647","RGE","SK","MAD","FNC","G2","AST","BDS","SK","VIT","FNC"
"648","RGE","SK","MAD","FNC","G2","AST","BDS","SK","VIT","MSF"
"649","RGE","SK","MAD","FNC","G2","AST","MAD","G2","RGE","FNC"
"650","RGE","SK","MAD","FNC","G2","AST","MAD","G2","RGE","MSF"
"651","RGE","SK","MAD","FNC","G2","AST","MAD","G2","VIT","FNC"
"652","RGE","SK","MAD","FNC","G2","AST","MAD","G2","VIT","MSF"
"653","RGE","SK","MAD","FNC","G2","AST","MAD","SK","RGE","FNC"
"654","RGE","SK","MAD","FNC","G2","AST","MAD","SK","RGE","MSF"
"655","RGE","SK","MAD","FNC","G2","AST","MAD","SK","VIT","FNC"
"656","RGE","SK","MAD","FNC","G2","AST","MAD","SK","VIT","MSF"
"657","RGE","SK","MAD","FNC","G2","XL","BDS","G2","RGE","FNC"
"658","RGE","SK","MAD","FNC","G2","XL","BDS","G2","RGE","MSF"
"659","RGE","SK","MAD","FNC","G2","XL","BDS","G2","VIT","FNC"
"660","RGE","SK","MAD","FNC","G2","XL","BDS","G2","VIT","MSF"
"661","RGE","SK","MAD","FNC","G2","XL","BDS","SK","RGE","FNC"
"662","RGE","SK","MAD","FNC","G2","XL","BDS","SK","RGE","MSF"
"663","RGE","SK","MAD","FNC","G2","XL","BDS","SK","VIT","FNC"
"664","RGE","SK","MAD","FNC","G2","XL","BDS","SK","VIT","MSF"
"665","RGE","SK","MAD","FNC","G2","XL","MAD","G2","RGE","FNC"
"666","RGE","SK","MAD","FNC","G2","XL","MAD","G2","RGE","MSF"
"667","RGE","SK","MAD","FNC","G2","XL","MAD","G2","VIT","FNC"
"668","RGE","SK","MAD","FNC","G2","XL","MAD","G2","VIT","MSF"
"669","RGE","SK","MAD","FNC","G2","XL","MAD","SK","RGE","FNC"
"670","RGE","SK","MAD","FNC","G2","XL","MAD","SK","RGE","MSF"
"671","RGE","SK","MAD","FNC","G2","XL","MAD","SK","VIT","FNC"
"672","RGE","SK","MAD","FNC","G2","XL","MAD","SK","VIT","MSF"
"673","RGE","SK","MAD","FNC","MSF","AST","BDS","G2","RGE","FNC"
"674","RGE","SK","MAD","FNC","MSF","AST","BDS","G2","RGE","MSF"
"675","RGE","SK","MAD","FNC","MSF","AST","BDS","G2","VIT","FNC"
"676","RGE","SK","MAD","FNC","MSF","AST","BDS","G2","VIT","MSF"
"677","RGE","SK","MAD","FNC","MSF","AST","BDS","SK","RGE","FNC"
"678","RGE","SK","MAD","FNC","MSF","AST","BDS","SK","RGE","MSF"
"679","RGE","SK","MAD","FNC","MSF","AST","BDS","SK","VIT","FNC"
"680","RGE","SK","MAD","FNC","MSF","AST","BDS","SK","VIT","MSF"
"681","RGE","SK","MAD","FNC","MSF","AST","MAD","G2","RGE","FNC"
"682","RGE","SK","MAD","FNC","MSF","AST","MAD","G2","RGE","MSF"
"683","RGE","SK","MAD","FNC","MSF","AST","MAD","G2","VIT","FNC"
"684","RGE","SK","MAD","FNC","MSF","AST","MAD","G2","VIT","MSF"
"685","RGE","SK","MAD","FNC","MSF","AST","MAD","SK","RGE","FNC"
"686","RGE","SK","MAD","FNC","MSF","AST","MAD","SK","RGE","MSF"
"687","RGE","SK","MAD","FNC","MSF","AST","MAD","SK","VIT","FNC"
"688","RGE","SK","MAD","FNC","MSF","AST","MAD","SK","VIT","MSF"
"689","RGE","SK","MAD","FNC","MSF","XL","BDS","G2","RGE","FNC"
"690","RGE","SK","MAD","FNC","MSF","XL","BDS","G2","RGE","MSF"
"691","RGE","SK","MAD","FNC","MSF","XL","BDS","G2","VIT","FNC"
"692","RGE","SK","MAD","FNC","MSF","XL","BDS","G2","VIT","MSF"
"693","RGE","SK","MAD","FNC","MSF","XL","BDS","SK","RGE","FNC"
"694","RGE","SK","MAD","FNC","MSF","XL","BDS","SK","RGE","MSF"
"695","RGE","SK","MAD","FNC","MSF","XL","BDS","SK","VIT","FNC"
"696","RGE","SK","MAD","FNC","MSF","XL","BDS","SK","VIT","MSF"
"697","RGE","SK","MAD","FNC","MSF","XL","MAD","G2","RGE","FNC"
"698","RGE","SK","MAD","FNC","MSF","XL","MAD","G2","RGE","MSF"
"699","RGE","SK","MAD","FNC","MSF","XL","MAD","G2","VIT","FNC"
"700","RGE","SK","MAD","FNC","MSF","XL","MAD","G2","VIT","MSF"
"701","RGE","SK","MAD","FNC","MSF","XL","MAD","SK","RGE","FNC"
"702","RGE","SK","MAD","FNC","MSF","XL","MAD","SK","RGE","MSF"
"703","RGE","SK","MAD","FNC","MSF","XL","MAD","SK","VIT","FNC"
"704","RGE","SK","MAD","FNC","MSF","XL","MAD","SK","VIT","MSF"
"705","RGE","SK","MAD","VIT","G2","AST","BDS","G2","RGE","FNC"
"706","RGE","SK","MAD","VIT","G2","AST","BDS","G2","RGE","MSF"
"707","RGE","SK","MAD","VIT","G2","AST","BDS","G2","VIT","FNC"
"708","RGE","SK","MAD","VIT","G2","AST","BDS","G2","VIT","MSF"
"709","RGE","SK","MAD","VIT","G2","AST","BDS","SK","RGE","FNC"
"710","RGE","SK","MAD","VIT","G2","AST","BDS","SK","RGE","MSF"
"711","RGE","SK","MAD","VIT","G2","AST","BDS","SK","VIT","FNC"
"712","RGE","SK","MAD","VIT","G2","AST","BDS","SK","VIT","MSF"
"713","RGE","SK","MAD","VIT","G2","AST","MAD","G2","RGE","FNC"
"714","RGE","SK","MAD","VIT","G2","AST","MAD","G2","RGE","MSF"
"715","RGE","SK","MAD","VIT","G2","AST","MAD","G2","VIT","FNC"
"716","RGE","SK","MAD","VIT","G2","AST","MAD","G2","VIT","MSF"
"717","RGE","SK","MAD","VIT","G2","AST","MAD","SK","RGE","FNC"
"718","RGE","SK","MAD","VIT","G2","AST","MAD","SK","RGE","MSF"
"719","RGE","SK","MAD","VIT","G2","AST","MAD","SK","VIT","FNC"
"720","RGE","SK","MAD","VIT","G2","AST","MAD","SK","VIT","MSF"
"721","RGE","SK","MAD","VIT","G2","XL","BDS","G2","RGE","FNC"
"722","RGE","SK","MAD","VIT","G2","XL","BDS","G2","RGE","MSF"
"723","RGE","SK","MAD","VIT","G2","XL","BDS","G2","VIT","FNC"
"724","RGE","SK","MAD","VIT","G2","XL","BDS","G2","VIT","MSF"
"725","RGE","SK","MAD","VIT","G2","XL","BDS","SK","RGE","FNC"
"726","RGE","SK","MAD","VIT","G2","XL","BDS","SK","RGE","MSF"
"727","RGE","SK","MAD","VIT","G2","XL","BDS","SK","VIT","FNC"
"728","RGE","SK","MAD","VIT","G2","XL","BDS","SK","VIT","MSF"
"729","RGE","SK","MAD","VIT","G2","XL","MAD","G2","RGE","FNC"
"730","RGE","SK","MAD","VIT","G2","XL","MAD","G2","RGE","MSF"
"731","RGE","SK","MAD","VIT","G2","XL","MAD","G2","VIT","FNC"
"732","RGE","SK","MAD","VIT","G2","XL","MAD","G2","VIT","MSF"
"733","RGE","SK","MAD","VIT","G2","XL","MAD","SK","RGE","FNC"
"734","RGE","SK","MAD","VIT","G2","XL","MAD","SK","RGE","MSF"
"735","RGE","SK","MAD","VIT","G2","XL","MAD","SK","VIT","FNC"
"736","RGE","SK","MAD","VIT","G2","XL","MAD","SK","VIT","MSF"
"737","RGE","SK","MAD","VIT","MSF","AST","BDS","G2","RGE","FNC"
"738","RGE","SK","MAD","VIT","MSF","AST","BDS","G2","RGE","MSF"
"739","RGE","SK","MAD","VIT","MSF","AST","BDS","G2","VIT","FNC"
"740","RGE","SK","MAD","VIT","MSF","AST","BDS","G2","VIT","MSF"
"741","RGE","SK","MAD","VIT","MSF","AST","BDS","SK","RGE","FNC"
"742","RGE","SK","MAD","VIT","MSF","AST","BDS","SK","RGE","MSF"
"743","RGE","SK","MAD","VIT","MSF","AST","BDS","SK","VIT","FNC"
"744","RGE","SK","MAD","VIT","MSF","AST","BDS","SK","VIT","MSF"
"745","RGE","SK","MAD","VIT","MSF","AST","MAD","G2","RGE","FNC"
"746","RGE","SK","MAD","VIT","MSF","AST","MAD","G2","RGE","MSF"
"747","RGE","SK","MAD","VIT","MSF","AST","MAD","G2","VIT","FNC"
"748","RGE","SK","MAD","VIT","MSF","AST","MAD","G2","VIT","MSF"
"749","RGE","SK","MAD","VIT","MSF","AST","MAD","SK","RGE","FNC"
"750","RGE","SK","MAD","VIT","MSF","AST","MAD","SK","RGE","MSF"
"751","RGE","SK","MAD","VIT","MSF","AST","MAD","SK","VIT","FNC"
"752","RGE","SK","MAD","VIT","MSF","AST","MAD","SK","VIT","MSF"
"753","RGE","SK","MAD","VIT","MSF","XL","BDS","G2","RGE","FNC"
"754","RGE","SK","MAD","VIT","MSF","XL","BDS","G2","RGE","MSF"
"755","RGE","SK","MAD","VIT","MSF","XL","BDS","G2","VIT","FNC"
"756","RGE","SK","MAD","VIT","MSF","XL","BDS","G2","VIT","MSF"
"757","RGE","SK","MAD","VIT","MSF","XL","BDS","SK","RGE","FNC"
"758","RGE","SK","MAD","VIT","MSF","XL","BDS","SK","RGE","MSF"
"759","RGE","SK","MAD","VIT","MSF","XL","BDS","SK","VIT","FNC"
"760","RGE","SK","MAD","VIT","MSF","XL","BDS","SK","VIT","MSF"
"761","RGE","SK","MAD","VIT","MSF","XL","MAD","G2","RGE","FNC"
"762","RGE","SK","MAD","VIT","MSF","XL","MAD","G2","RGE","MSF"
"763","RGE","SK","MAD","VIT","MSF","XL","MAD","G2","VIT","FNC"
"764","RGE","SK","MAD","VIT","MSF","XL","MAD","G2","VIT","MSF"
"765","RGE","SK","MAD","VIT","MSF","XL","MAD","SK","RGE","FNC"
"766","RGE","SK","MAD","VIT","MSF","XL","MAD","SK","RGE","MSF"
"767","RGE","SK","MAD","VIT","MSF","XL","MAD","SK","VIT","FNC"
"768","RGE","SK","MAD","VIT","MSF","XL","MAD","SK","VIT","MSF"
"769","RGE","XL","AST","FNC","G2","AST","BDS","G2","RGE","FNC"
"770","RGE","XL","AST","FNC","G2","AST","BDS","G2","RGE","MSF"
"771","RGE","XL","AST","FNC","G2","AST","BDS","G2","VIT","FNC"
"772","RGE","XL","AST","FNC","G2","AST","BDS","G2","VIT","MSF"
"773","RGE","XL","AST","FNC","G2","AST","BDS","SK","RGE","FNC"
"774","RGE","XL","AST","FNC","G2","AST","BDS","SK","RGE","MSF"
"775","RGE","XL","AST","FNC","G2","AST","BDS","SK","VIT","FNC"
"776","RGE","XL","AST","FNC","G2","AST","BDS","SK","VIT","MSF"
"777","RGE","XL","AST","FNC","G2","AST","MAD","G2","RGE","FNC"
"778","RGE","XL","AST","FNC","G2","AST","MAD","G2","RGE","MSF"
"779","RGE","XL","AST","FNC","G2","AST","MAD","G2","VIT","FNC"
"780","RGE","XL","AST","FNC","G2","AST","MAD","G2","VIT","MSF"
"781","RGE","XL","AST","FNC","G2","AST","MAD","SK","RGE","FNC"
"782","RGE","XL","AST","FNC","G2","AST","MAD","SK","RGE","MSF"
"783","RGE","XL","AST","FNC","G2","AST","MAD","SK","VIT","FNC"
"784","RGE","XL","AST","FNC","G2","AST","MAD","SK","VIT","MSF"
"785","RGE","XL","AST","FNC","G2","XL","BDS","G2","RGE","FNC"
"786","RGE","XL","AST","FNC","G2","XL","BDS","G2","RGE","MSF"
"787","RGE","XL","AST","FNC","G2","XL","BDS","G2","VIT","FNC"
"788","RGE","XL","AST","FNC","G2","XL","BDS","G2","VIT","MSF"
"789","RGE","XL","AST","FNC","G2","XL","BDS","SK","RGE","FNC"
"790","RGE","XL","AST","FNC","G2","XL","BDS","SK","RGE","MSF"
"791","RGE","XL","AST","FNC","G2","XL","BDS","SK","VIT","FNC"
"792","RGE","XL","AST","FNC","G2","XL","BDS","SK","VIT","MSF"
"793","RGE","XL","AST","FNC","G2","XL","MAD","G2","RGE","FNC"
"794","RGE","XL","AST","FNC","G2","XL","MAD","G2","RGE","MSF"
"795","RGE","XL","AST","FNC","G2","XL","MAD","G2","VIT","FNC"
"796","RGE","XL","AST","FNC","G2","XL","MAD","G2","VIT","MSF"
"797","RGE","XL","AST","FNC","G2","XL","MAD","SK","RGE","FNC"
"798","RGE","XL","AST","FNC","G2","XL","MAD","SK","RGE","MSF"
"799","RGE","XL","AST","FNC","G2","XL","MAD","SK","VIT","FNC"
"800","RGE","XL","AST","FNC","G2","XL","MAD","SK","VIT","MSF"
"801","RGE","XL","AST","FNC","MSF","AST","BDS","G2","RGE","FNC"
"802","RGE","XL","AST","FNC","MSF","AST","BDS","G2","RGE","MSF"
"803","RGE","XL","AST","FNC","MSF","AST","BDS","G2","VIT","FNC"
"804","RGE","XL","AST","FNC","MSF","AST","BDS","G2","VIT","MSF"
"805","RGE","XL","AST","FNC","MSF","AST","BDS","SK","RGE","FNC"
"806","RGE","XL","AST","FNC","MSF","AST","BDS","SK","RGE","MSF"
"807","RGE","XL","AST","FNC","MSF","AST","BDS","SK","VIT","FNC"
"808","RGE","XL","AST","FNC","MSF","AST","BDS","SK","VIT","MSF"
"809","RGE","XL","AST","FNC","MSF","AST","MAD","G2","RGE","FNC"
"810","RGE","XL","AST","FNC","MSF","AST","MAD","G2","RGE","MSF"
"811","RGE","XL","AST","FNC","MSF","AST","MAD","G2","VIT","FNC"
"812","RGE","XL","AST","FNC","MSF","AST","MAD","G2","VIT","MSF"
"813","RGE","XL","AST","FNC","MSF","AST","MAD","SK","RGE","FNC"
"814","RGE","XL","AST","FNC","MSF","AST","MAD","SK","RGE","MSF"
"815","RGE","XL","AST","FNC","MSF","AST","MAD","SK","VIT","FNC"
"816","RGE","XL","AST","FNC","MSF","AST","MAD","SK","VIT","MSF"
"817","RGE","XL","AST","FNC","MSF","XL","BDS","G2","RGE","FNC"
"818","RGE","XL","AST","FNC","MSF","XL","BDS","G2","RGE","MSF"
"819","RGE","XL","AST","FNC","MSF","XL","BDS","G2","VIT","FNC"
"820","RGE","XL","AST","FNC","MSF","XL","BDS","G2","VIT","MSF"
"821","RGE","XL","AST","FNC","MSF","XL","BDS","SK","RGE","FNC"
"822","RGE","XL","AST","FNC","MSF","XL","BDS","SK","RGE","MSF"
"823","RGE","XL","AST","FNC","MSF","XL","BDS","SK","VIT","FNC"
"824","RGE","XL","AST","FNC","MSF","XL","BDS","SK","VIT","MSF"
"825","RGE","XL","AST","FNC","MSF","XL","MAD","G2","RGE","FNC"
"826","RGE","XL","AST","FNC","MSF","XL","MAD","G2","RGE","MSF"
"827","RGE","XL","AST","FNC","MSF","XL","MAD","G2","VIT","FNC"
"828","RGE","XL","AST","FNC","MSF","XL","MAD","G2","VIT","MSF"
"829","RGE","XL","AST","FNC","MSF","XL","MAD","SK","RGE","FNC"
"830","RGE","XL","AST","FNC","MSF","XL","MAD","SK","RGE","MSF"
"831","RGE","XL","AST","FNC","MSF","XL","MAD","SK","VIT","FNC"
"832","RGE","XL","AST","FNC","MSF","XL","MAD","SK","VIT","MSF"
"833","RGE","XL","AST","VIT","G2","AST","BDS","G2","RGE","FNC"
"834","RGE","XL","AST","VIT","G2","AST","BDS","G2","RGE","MSF"
"835","RGE","XL","AST","VIT","G2","AST","BDS","G2","VIT","FNC"
"836","RGE","XL","AST","VIT","G2","AST","BDS","G2","VIT","MSF"
"837","RGE","XL","AST","VIT","G2","AST","BDS","SK","RGE","FNC"
"838","RGE","XL","AST","VIT","G2","AST","BDS","SK","RGE","MSF"
"839","RGE","XL","AST","VIT","G2","AST","BDS","SK","VIT","FNC"
"840","RGE","XL","AST","VIT","G2","AST","BDS","SK","VIT","MSF"
"841","RGE","XL","AST","VIT","G2","AST","MAD","G2","RGE","FNC"
"842","RGE","XL","AST","VIT","G2","AST","MAD","G2","RGE","MSF"
"843","RGE","XL","AST","VIT","G2","AST","MAD","G2","VIT","FNC"
"844","RGE","XL","AST","VIT","G2","AST","MAD","G2","VIT","MSF"
"845","RGE","XL","AST","VIT","G2","AST","MAD","SK","RGE","FNC"
"846","RGE","XL","AST","VIT","G2","AST","MAD","SK","RGE","MSF"
"847","RGE","XL","AST","VIT","G2","AST","MAD","SK","VIT","FNC"
"848","RGE","XL","AST","VIT","G2","AST","MAD","SK","VIT","MSF"
"849","RGE","XL","AST","VIT","G2","XL","BDS","G2","RGE","FNC"
"850","RGE","XL","AST","VIT","G2","XL","BDS","G2","RGE","MSF"
"851","RGE","XL","AST","VIT","G2","XL","BDS","G2","VIT","FNC"
"852","RGE","XL","AST","VIT","G2","XL","BDS","G2","VIT","MSF"
"853","RGE","XL","AST","VIT","G2","XL","BDS","SK","RGE","FNC"
"854","RGE","XL","AST","VIT","G2","XL","BDS","SK","RGE","MSF"
"855","RGE","XL","AST","VIT","G2","XL","BDS","SK","VIT","FNC"
"856","RGE","XL","AST","VIT","G2","XL","BDS","SK","VIT","MSF"
"857","RGE","XL","AST","VIT","G2","XL","MAD","G2","RGE","FNC"
"858","RGE","XL","AST","VIT","G2","XL","MAD","G2","RGE","MSF"
"859","RGE","XL","AST","VIT","G2","XL","MAD","G2","VIT","FNC"
"860","RGE","XL","AST","VIT","G2","XL","MAD","G2","VIT","MSF"
"861","RGE","XL","AST","VIT","G2","XL","MAD","SK","RGE","FNC"
"862","RGE","XL","AST","VIT","G2","XL","MAD","SK","RGE","MSF"
"863","RGE","XL","AST","VIT","G2","XL","MAD","SK","VIT","FNC"
"864","RGE","XL","AST","VIT","G2","XL","MAD","SK","VIT","MSF"
"865","RGE","XL","AST","VIT","MSF","AST","BDS","G2","RGE","FNC"
"866","RGE","XL","AST","VIT","MSF","AST","BDS","G2","RGE","MSF"
"867","RGE","XL","AST","VIT","MSF","AST","BDS","G2","VIT","FNC"
"868","RGE","XL","AST","VIT","MSF","AST","BDS","G2","VIT","MSF"
"869","RGE","XL","AST","VIT","MSF","AST","BDS","SK","RGE","FNC"
"870","RGE","XL","AST","VIT","MSF","AST","BDS","SK","RGE","MSF"
"871","RGE","XL","AST","VIT","MSF","AST","BDS","SK","VIT","FNC"
"872","RGE","XL","AST","VIT","MSF","AST","BDS","SK","VIT","MSF"
"873","RGE","XL","AST","VIT","MSF","AST","MAD","G2","RGE","FNC"
"874","RGE","XL","AST","VIT","MSF","AST","MAD","G2","RGE","MSF"
"875","RGE","XL","AST","VIT","MSF","AST","MAD","G2","VIT","FNC"
"876","RGE","XL","AST","VIT","MSF","AST","MAD","G2","VIT","MSF"
"877","RGE","XL","AST","VIT","MSF","AST","MAD","SK","RGE","FNC"
"878","RGE","XL","AST","VIT","MSF","AST","MAD","SK","RGE","MSF"
"879","RGE","XL","AST","VIT","MSF","AST","MAD","SK","VIT","FNC"
"880","RGE","XL","AST","VIT","MSF","AST","MAD","SK","VIT","MSF"
"881","RGE","XL","AST","VIT","MSF","XL","BDS","G2","RGE","FNC"
"882","RGE","XL","AST","VIT","MSF","XL","BDS","G2","RGE","MSF"
"883","RGE","XL","AST","VIT","MSF","XL","BDS","G2","VIT","FNC"
"884","RGE","XL","AST","VIT","MSF","XL","BDS","G2","VIT","MSF"
"885","RGE","XL","AST","VIT","MSF","XL","BDS","SK","RGE","FNC"
"886","RGE","XL","AST","VIT","MSF","XL","BDS","SK","RGE","MSF"
"887","RGE","XL","AST","VIT","MSF","XL","BDS","SK","VIT","FNC"
"888","RGE","XL","AST","VIT","MSF","XL","BDS","SK","VIT","MSF"
"889","RGE","XL","AST","VIT","MSF","XL","MAD","G2","RGE","FNC"
"890","RGE","XL","AST","VIT","MSF","XL","MAD","G2","RGE","MSF"
"891","RGE","XL","AST","VIT","MSF","XL","MAD","G2","VIT","FNC"
"892","RGE","XL","AST","VIT","MSF","XL","MAD","G2","VIT","MSF"
"893","RGE","XL","AST","VIT","MSF","XL","MAD","SK","RGE","FNC"
"894","RGE","XL","AST","VIT","MSF","XL","MAD","SK","RGE","MSF"
"895","RGE","XL","AST","VIT","MSF","XL","MAD","SK","VIT","FNC"
"896","RGE","XL","AST","VIT","MSF","XL","MAD","SK","VIT","MSF"
"897","RGE","XL","MAD","FNC","G2","AST","BDS","G2","RGE","FNC"
"898","RGE","XL","MAD","FNC","G2","AST","BDS","G2","RGE","MSF"
"899","RGE","XL","MAD","FNC","G2","AST","BDS","G2","VIT","FNC"
"900","RGE","XL","MAD","FNC","G2","AST","BDS","G2","VIT","MSF"
"901","RGE","XL","MAD","FNC","G2","AST","BDS","SK","RGE","FNC"
"902","RGE","XL","MAD","FNC","G2","AST","BDS","SK","RGE","MSF"
"903","RGE","XL","MAD","FNC","G2","AST","BDS","SK","VIT","FNC"
"904","RGE","XL","MAD","FNC","G2","AST","BDS","SK","VIT","MSF"
"905","RGE","XL","MAD","FNC","G2","AST","MAD","G2","RGE","FNC"
"906","RGE","XL","MAD","FNC","G2","AST","MAD","G2","RGE","MSF"
"907","RGE","XL","MAD","FNC","G2","AST","MAD","G2","VIT","FNC"
"908","RGE","XL","MAD","FNC","G2","AST","MAD","G2","VIT","MSF"
"909","RGE","XL","MAD","FNC","G2","AST","MAD","SK","RGE","FNC"
"910","RGE","XL","MAD","FNC","G2","AST","MAD","SK","RGE","MSF"
"911","RGE","XL","MAD","FNC","G2","AST","MAD","SK","VIT","FNC"
"912","RGE","XL","MAD","FNC","G2","AST","MAD","SK","VIT","MSF"
"913","RGE","XL","MAD","FNC","G2","XL","BDS","G2","RGE","FNC"
"914","RGE","XL","MAD","FNC","G2","XL","BDS","G2","RGE","MSF"
"915","RGE","XL","MAD","FNC","G2","XL","BDS","G2","VIT","FNC"
"916","RGE","XL","MAD","FNC","G2","XL","BDS","G2","VIT","MSF"
"917","RGE","XL","MAD","FNC","G2","XL","BDS","SK","RGE","FNC"
"918","RGE","XL","MAD","FNC","G2","XL","BDS","SK","RGE","MSF"
"919","RGE","XL","MAD","FNC","G2","XL","BDS","SK","VIT","FNC"
"920","RGE","XL","MAD","FNC","G2","XL","BDS","SK","VIT","MSF"
"921","RGE","XL","MAD","FNC","G2","XL","MAD","G2","RGE","FNC"
"922","RGE","XL","MAD","FNC","G2","XL","MAD","G2","RGE","MSF"
"923","RGE","XL","MAD","FNC","G2","XL","MAD","G2","VIT","FNC"
"924","RGE","XL","MAD","FNC","G2","XL","MAD","G2","VIT","MSF"
"925","RGE","XL","MAD","FNC","G2","XL","MAD","SK","RGE","FNC"
"926","RGE","XL","MAD","FNC","G2","XL","MAD","SK","RGE","MSF"
"927","RGE","XL","MAD","FNC","G2","XL","MAD","SK","VIT","FNC"
"928","RGE","XL","MAD","FNC","G2","XL","MAD","SK","VIT","MSF"
"929","RGE","XL","MAD","FNC","MSF","AST","BDS","G2","RGE","FNC"
"930","RGE","XL","MAD","FNC","MSF","AST","BDS","G2","RGE","MSF"
"931","RGE","XL","MAD","FNC","MSF","AST","BDS","G2","VIT","FNC"
"932","RGE","XL","MAD","FNC","MSF","AST","BDS","G2","VIT","MSF"
"933","RGE","XL","MAD","FNC","MSF","AST","BDS","SK","RGE","FNC"
"934","RGE","XL","MAD","FNC","MSF","AST","BDS","SK","RGE","MSF"
"935","RGE","XL","MAD","FNC","MSF","AST","BDS","SK","VIT","FNC"
"936","RGE","XL","MAD","FNC","MSF","AST","BDS","SK","VIT","MSF"
"937","RGE","XL","MAD","FNC","MSF","AST","MAD","G2","RGE","FNC"
"938","RGE","XL","MAD","FNC","MSF","AST","MAD","G2","RGE","MSF"
"939","RGE","XL","MAD","FNC","MSF","AST","MAD","G2","VIT","FNC"
"940","RGE","XL","MAD","FNC","MSF","AST","MAD","G2","VIT","MSF"
"941","RGE","XL","MAD","FNC","MSF","AST","MAD","SK","RGE","FNC"
"942","RGE","XL","MAD","FNC","MSF","AST","MAD","SK","RGE","MSF"
"943","RGE","XL","MAD","FNC","MSF","AST","MAD","SK","VIT","FNC"
"944","RGE","XL","MAD","FNC","MSF","AST","MAD","SK","VIT","MSF"
"945","RGE","XL","MAD","FNC","MSF","XL","BDS","G2","RGE","FNC"
"946","RGE","XL","MAD","FNC","MSF","XL","BDS","G2","RGE","MSF"
"947","RGE","XL","MAD","FNC","MSF","XL","BDS","G2","VIT","FNC"
"948","RGE","XL","MAD","FNC","MSF","XL","BDS","G2","VIT","MSF"
"949","RGE","XL","MAD","FNC","MSF","XL","BDS","SK","RGE","FNC"
"950","RGE","XL","MAD","FNC","MSF","XL","BDS","SK","RGE","MSF"
"951","RGE","XL","MAD","FNC","MSF","XL","BDS","SK","VIT","FNC"
"952","RGE","XL","MAD","FNC","MSF","XL","BDS","SK","VIT","MSF"
"953","RGE","XL","MAD","FNC","MSF","XL","MAD","G2","RGE","FNC"
"954","RGE","XL","MAD","FNC","MSF","XL","MAD","G2","RGE","MSF"
"955","RGE","XL","MAD","FNC","MSF","XL","MAD","G2","VIT","FNC"
"956","RGE","XL","MAD","FNC","MSF","XL","MAD","G2","VIT","MSF"
"957","RGE","XL","MAD","FNC","MSF","XL","MAD","SK","RGE","FNC"
"958","RGE","XL","MAD","FNC","MSF","XL","MAD","SK","RGE","MSF"
"959","RGE","XL","MAD","FNC","MSF","XL","MAD","SK","VIT","FNC"
"960","RGE","XL","MAD","FNC","MSF","XL","MAD","SK","VIT","MSF"
"961","RGE","XL","MAD","VIT","G2","AST","BDS","G2","RGE","FNC"
"962","RGE","XL","MAD","VIT","G2","AST","BDS","G2","RGE","MSF"
"963","RGE","XL","MAD","VIT","G2","AST","BDS","G2","VIT","FNC"
"964","RGE","XL","MAD","VIT","G2","AST","BDS","G2","VIT","MSF"
"965","RGE","XL","MAD","VIT","G2","AST","BDS","SK","RGE","FNC"
"966","RGE","XL","MAD","VIT","G2","AST","BDS","SK","RGE","MSF"
"967","RGE","XL","MAD","VIT","G2","AST","BDS","SK","VIT","FNC"
"968","RGE","XL","MAD","VIT","G2","AST","BDS","SK","VIT","MSF"
"969","RGE","XL","MAD","VIT","G2","AST","MAD","G2","RGE","FNC"
"970","RGE","XL","MAD","VIT","G2","AST","MAD","G2","RGE","MSF"
"971","RGE","XL","MAD","VIT","G2","AST","MAD","G2","VIT","FNC"
"972","RGE","XL","MAD","VIT","G2","AST","MAD","G2","VIT","MSF"
"973","RGE","XL","MAD","VIT","G2","AST","MAD","SK","RGE","FNC"
"974","RGE","XL","MAD","VIT","G2","AST","MAD","SK","RGE","MSF"
"975","RGE","XL","MAD","VIT","G2","AST","MAD","SK","VIT","FNC"
"976","RGE","XL","MAD","VIT","G2","AST","MAD","SK","VIT","MSF"
"977","RGE","XL","MAD","VIT","G2","XL","BDS","G2","RGE","FNC"
"978","RGE","XL","MAD","VIT","G2","XL","BDS","G2","RGE","MSF"
"979","RGE","XL","MAD","VIT","G2","XL","BDS","G2","VIT","FNC"
"980","RGE","XL","MAD","VIT","G2","XL","BDS","G2","VIT","MSF"
"981","RGE","XL","MAD","VIT","G2","XL","BDS","SK","RGE","FNC"
"982","RGE","XL","MAD","VIT","G2","XL","BDS","SK","RGE","MSF"
"983","RGE","XL","MAD","VIT","G2","XL","BDS","SK","VIT","FNC"
"984","RGE","XL","MAD","VIT","G2","XL","BDS","SK","VIT","MSF"
"985","RGE","XL","MAD","VIT","G2","XL","MAD","G2","RGE","FNC"
"986","RGE","XL","MAD","VIT","G2","XL","MAD","G2","RGE","MSF"
"987","RGE","XL","MAD","VIT","G2","XL","MAD","G2","VIT","FNC"
"988","RGE","XL","MAD","VIT","G2","XL","MAD","G2","VIT","MSF"
"989","RGE","XL","MAD","VIT","G2","XL","MAD","SK","RGE","FNC"
"990","RGE","XL","MAD","VIT","G2","XL","MAD","SK","RGE","MSF"
"991","RGE","XL","MAD","VIT","G2","XL","MAD","SK","VIT","FNC"
"992","RGE","XL","MAD","VIT","G2","XL","MAD","SK","VIT","MSF"
"993","RGE","XL","MAD","VIT","MSF","AST","BDS","G2","RGE","FNC"
"994","RGE","XL","MAD","VIT","MSF","AST","BDS","G2","RGE","MSF"
"995","RGE","XL","MAD","VIT","MSF","AST","BDS","G2","VIT","FNC"
"996","RGE","XL","MAD","VIT","MSF","AST","BDS","G2","VIT","MSF"
"997","RGE","XL","MAD","VIT","MSF","AST","BDS","SK","RGE","FNC"
"998","RGE","XL","MAD","VIT","MSF","AST","BDS","SK","RGE","MSF"
"999","RGE","XL","MAD","VIT","MSF","AST","BDS","SK","VIT","FNC"
"1000","RGE","XL","MAD","VIT","MSF","AST","BDS","SK","VIT","MSF"
"1001","RGE","XL","MAD","VIT","MSF","AST","MAD","G2","RGE","FNC"
"1002","RGE","XL","MAD","VIT","MSF","AST","MAD","G2","RGE","MSF"
"1003","RGE","XL","MAD","VIT","MSF","AST","MAD","G2","VIT","FNC"
"1004","RGE","XL","MAD","VIT","MSF","AST","MAD","G2","VIT","MSF"
"1005","RGE","XL","MAD","VIT","MSF","AST","MAD","SK","RGE","FNC"
"1006","RGE","XL","MAD","VIT","MSF","AST","MAD","SK","RGE","MSF"
"1007","RGE","XL","MAD","VIT","MSF","AST","MAD","SK","VIT","FNC"
"1008","RGE","XL","MAD","VIT","MSF","AST","MAD","SK","VIT","MSF"
"1009","RGE","XL","MAD","VIT","MSF","XL","BDS","G2","RGE","FNC"
"1010","RGE","XL","MAD","VIT","MSF","XL","BDS","G2","RGE","MSF"
"1011","RGE","XL","MAD","VIT","MSF","XL","BDS","G2","VIT","FNC"
"1012","RGE","XL","MAD","VIT","MSF","XL","BDS","G2","VIT","MSF"
"1013","RGE","XL","MAD","VIT","MSF","XL","BDS","SK","RGE","FNC"
"1014","RGE","XL","MAD","VIT","MSF","XL","BDS","SK","RGE","MSF"
"1015","RGE","XL","MAD","VIT","MSF","XL","BDS","SK","VIT","FNC"
"1016","RGE","XL","MAD","VIT","MSF","XL","BDS","SK","VIT","MSF"
"1017","RGE","XL","MAD","VIT","MSF","XL","MAD","G2","RGE","FNC"
"1018","RGE","XL","MAD","VIT","MSF","XL","MAD","G2","RGE","MSF"
"1019","RGE","XL","MAD","VIT","MSF","XL","MAD","G2","VIT","FNC"
"1020","RGE","XL","MAD","VIT","MSF","XL","MAD","G2","VIT","MSF"
"1021","RGE","XL","MAD","VIT","MSF","XL","MAD","SK","RGE","FNC"
"1022","RGE","XL","MAD","VIT","MSF","XL","MAD","SK","RGE","MSF"
"1023","RGE","XL","MAD","VIT","MSF","XL","MAD","SK","VIT","FNC"
"1024","RGE","XL","MAD","VIT","MSF","XL","MAD","SK","VIT","MSF"
