"","AST","BDS","FNC","G2","MAD","MSF","RGE","SK","VIT","XL"
"1"," 6","10"," 5"," 1"," 4"," 3"," 2"," 8"," 7"," 9"
"2"," 7","10"," 5"," 1"," 4"," 2"," 3"," 8"," 6"," 9"
"3"," 7","10"," 6"," 1"," 5"," 3"," 2"," 8"," 3"," 9"
"4"," 7","10"," 6"," 1"," 4"," 2"," 3"," 8"," 5"," 9"
"5"," 7","10"," 5"," 1"," 4"," 3"," 2"," 6"," 8"," 9"
"6"," 8","10"," 5"," 1"," 4"," 2"," 3"," 7"," 6"," 9"
"7"," 8","10"," 6"," 1"," 5"," 3"," 2"," 7"," 3"," 9"
"8"," 8","10"," 6"," 1"," 4"," 2"," 3"," 7"," 5"," 9"
"9"," 6","10"," 4"," 1"," 3"," 4"," 2"," 8"," 7"," 9"
"10"," 7","10"," 5"," 1"," 4"," 2"," 3"," 8"," 6"," 9"
"11"," 7","10"," 4"," 1"," 2"," 6"," 5"," 8"," 3"," 9"
"12"," 7","10"," 6"," 1"," 3"," 2"," 5"," 8"," 4"," 9"
"13"," 7","10"," 4"," 1"," 3"," 4"," 2"," 6"," 8"," 9"
"14"," 8","10"," 5"," 1"," 4"," 2"," 3"," 7"," 6"," 9"
"15"," 8","10"," 4"," 1"," 2"," 6"," 5"," 7"," 3"," 9"
"16"," 8","10"," 6"," 2"," 3"," 1"," 5"," 7"," 4"," 9"
"17"," 8","10"," 5"," 1"," 4"," 3"," 2"," 7"," 6"," 9"
"18"," 8","10"," 5"," 1"," 4"," 2"," 3"," 7"," 5"," 9"
"19"," 8","10"," 6"," 1"," 5"," 3"," 2"," 7"," 3"," 9"
"20"," 8","10"," 6"," 1"," 4"," 2"," 3"," 7"," 5"," 9"
"21"," 8","10"," 5"," 1"," 4"," 3"," 2"," 6"," 7"," 9"
"22"," 8","10"," 5"," 1"," 4"," 2"," 3"," 7"," 6"," 9"
"23"," 8","10"," 6"," 1"," 5"," 3"," 2"," 7"," 3"," 9"
"24"," 8","10"," 6"," 1"," 4"," 2"," 3"," 7"," 5"," 9"
"25"," 8","10"," 4"," 1"," 3"," 4"," 2"," 7"," 6"," 9"
"26"," 8","10"," 5"," 1"," 4"," 2"," 3"," 7"," 5"," 9"
"27"," 8","10"," 4"," 1"," 2"," 6"," 5"," 7"," 3"," 9"
"28"," 8","10"," 6"," 1"," 3"," 2"," 5"," 7"," 4"," 9"
"29"," 8","10"," 4"," 1"," 3"," 4"," 2"," 6"," 7"," 9"
"30"," 8","10"," 5"," 1"," 4"," 2"," 3"," 7"," 6"," 9"
"31"," 8","10"," 4"," 1"," 2"," 6"," 5"," 7"," 3"," 9"
"32"," 8","10"," 6"," 2"," 3"," 1"," 5"," 7"," 4"," 9"
"33"," 6","10"," 5"," 2"," 4"," 1"," 3"," 8"," 7"," 9"
"34"," 7","10"," 5"," 2"," 4"," 1"," 3"," 8"," 6"," 9"
"35"," 7","10"," 5"," 2"," 3"," 1"," 4"," 8"," 5"," 9"
"36"," 7","10"," 6"," 2"," 4"," 1"," 3"," 8"," 5"," 9"
"37"," 7","10"," 5"," 4"," 3"," 1"," 2"," 6"," 8"," 9"
"38"," 8","10"," 5"," 3"," 4"," 1"," 2"," 7"," 6"," 9"
"39"," 8","10"," 5"," 2"," 3"," 1"," 4"," 7"," 5"," 9"
"40"," 8","10"," 6"," 2"," 3"," 1"," 4"," 7"," 5"," 9"
"41"," 6","10"," 5"," 2"," 4"," 1"," 3"," 8"," 7"," 9"
"42"," 7","10"," 5"," 2"," 4"," 1"," 3"," 8"," 6"," 9"
"43"," 7","10"," 4"," 2"," 3"," 1"," 6"," 8"," 4"," 9"
"44"," 7","10"," 6"," 2"," 3"," 1"," 5"," 8"," 4"," 9"
"45"," 7","10"," 5"," 4"," 3"," 1"," 2"," 6"," 8"," 9"
"46"," 8","10"," 5"," 4"," 3"," 1"," 2"," 7"," 6"," 9"
"47"," 8","10"," 4"," 3"," 2"," 1"," 6"," 7"," 4"," 9"
"48"," 8","10"," 6"," 3"," 2"," 1"," 5"," 7"," 4"," 9"
"49"," 8","10"," 5"," 2"," 4"," 1"," 3"," 7"," 6"," 9"
"50"," 8","10"," 5"," 2"," 4"," 1"," 3"," 7"," 5"," 9"
"51"," 8","10"," 5"," 2"," 3"," 1"," 4"," 7"," 5"," 9"
"52"," 8","10"," 6"," 2"," 4"," 1"," 3"," 7"," 5"," 9"
"53"," 8","10"," 5"," 4"," 3"," 1"," 2"," 6"," 7"," 9"
"54"," 8","10"," 5"," 3"," 4"," 1"," 2"," 7"," 6"," 9"
"55"," 8","10"," 5"," 2"," 3"," 1"," 4"," 7"," 5"," 9"
"56"," 8","10"," 6"," 2"," 3"," 1"," 4"," 7"," 5"," 9"
"57"," 8","10"," 5"," 2"," 4"," 1"," 3"," 7"," 6"," 9"
"58"," 8","10"," 5"," 2"," 4"," 1"," 3"," 7"," 5"," 9"
"59"," 8","10"," 4"," 2"," 3"," 1"," 6"," 7"," 4"," 9"
"60"," 8","10"," 6"," 2"," 3"," 1"," 5"," 7"," 4"," 9"
"61"," 8","10"," 5"," 4"," 3"," 1"," 2"," 6"," 7"," 9"
"62"," 8","10"," 5"," 4"," 3"," 1"," 2"," 7"," 6"," 9"
"63"," 8","10"," 4"," 3"," 2"," 1"," 6"," 7"," 4"," 9"
"64"," 8","10"," 6"," 3"," 2"," 1"," 5"," 7"," 4"," 9"
"65"," 7","10"," 6"," 1"," 5"," 3"," 2"," 8"," 3"," 9"
"66"," 6","10"," 7"," 1"," 4"," 2"," 3"," 8"," 5"," 9"
"67"," 7","10"," 6"," 1"," 5"," 3"," 4"," 8"," 2"," 9"
"68"," 6","10"," 7"," 1"," 5"," 3"," 4"," 8"," 2"," 9"
"69"," 8","10"," 6"," 1"," 5"," 3"," 2"," 7"," 3"," 9"
"70"," 7","10"," 8"," 1"," 4"," 2"," 3"," 6"," 5"," 9"
"71"," 8","10"," 6"," 1"," 5"," 3"," 4"," 7"," 2"," 9"
"72"," 7","10"," 8"," 2"," 5"," 3"," 4"," 6"," 1"," 9"
"73"," 7","10"," 6"," 1"," 3"," 5"," 2"," 8"," 4"," 9"
"74"," 6","10"," 7"," 1"," 4"," 2"," 3"," 8"," 5"," 9"
"75"," 7","10"," 6"," 1"," 2"," 4"," 5"," 8"," 3"," 9"
"76"," 6","10"," 7"," 1"," 4"," 2"," 5"," 8"," 2"," 9"
"77"," 8","10"," 6"," 1"," 3"," 5"," 2"," 7"," 4"," 9"
"78"," 7","10"," 8"," 1"," 4"," 2"," 3"," 6"," 5"," 9"
"79"," 8","10"," 6"," 2"," 1"," 4"," 5"," 7"," 3"," 9"
"80"," 7","10"," 8"," 1"," 4"," 2"," 5"," 6"," 2"," 9"
"81"," 8","10"," 6"," 1"," 5"," 3"," 2"," 7"," 3"," 9"
"82"," 9","10"," 6"," 1"," 4"," 2"," 3"," 7"," 5"," 8"
"83"," 8","10"," 6"," 1"," 5"," 3"," 4"," 7"," 2"," 9"
"84"," 9","10"," 6"," 1"," 5"," 3"," 4"," 7"," 2"," 8"
"85"," 8","10"," 6"," 1"," 5"," 3"," 2"," 7"," 3"," 9"
"86"," 9","10"," 8"," 1"," 4"," 2"," 3"," 6"," 5"," 7"
"87"," 8","10"," 6"," 1"," 5"," 3"," 4"," 7"," 2"," 9"
"88"," 9","10"," 8"," 2"," 5"," 3"," 4"," 6"," 1"," 7"
"89"," 8","10"," 6"," 1"," 3"," 5"," 2"," 7"," 4"," 9"
"90"," 9","10"," 6"," 1"," 4"," 2"," 3"," 7"," 5"," 8"
"91"," 8","10"," 6"," 1"," 2"," 4"," 5"," 7"," 3"," 9"
"92"," 9","10"," 6"," 1"," 4"," 2"," 5"," 7"," 2"," 8"
"93"," 8","10"," 6"," 1"," 3"," 5"," 2"," 7"," 4"," 9"
"94"," 9","10"," 8"," 1"," 4"," 2"," 3"," 6"," 5"," 7"
"95"," 8","10"," 6"," 2"," 1"," 4"," 5"," 7"," 3"," 9"
"96"," 9","10"," 8"," 1"," 4"," 2"," 5"," 6"," 2"," 7"
"97"," 7","10"," 6"," 2"," 4"," 1"," 3"," 8"," 5"," 9"
"98"," 6","10"," 7"," 2"," 4"," 1"," 3"," 8"," 5"," 9"
"99"," 7","10"," 6"," 3"," 5"," 2"," 4"," 8"," 1"," 9"
"100"," 6","10"," 7"," 2"," 5"," 1"," 4"," 8"," 3"," 9"
"101"," 8","10"," 6"," 4"," 3"," 1"," 2"," 7"," 5"," 9"
"102"," 7","10"," 8"," 4"," 3"," 1"," 2"," 6"," 5"," 9"
"103"," 8","10"," 6"," 3"," 5"," 2"," 4"," 7"," 1"," 9"
"104"," 7","10"," 8"," 3"," 5"," 1"," 4"," 6"," 2"," 9"
"105"," 7","10"," 6"," 2"," 4"," 1"," 3"," 8"," 5"," 9"
"106"," 6","10"," 7"," 2"," 4"," 1"," 3"," 8"," 5"," 9"
"107"," 7","10"," 6"," 4"," 3"," 1"," 5"," 8"," 2"," 9"
"108"," 6","10"," 7"," 3"," 2"," 1"," 5"," 8"," 4"," 9"
"109"," 8","10"," 6"," 4"," 3"," 1"," 2"," 7"," 5"," 9"
"110"," 7","10"," 8"," 4"," 3"," 1"," 2"," 6"," 5"," 9"
"111"," 8","10"," 6"," 4"," 3"," 1"," 5"," 7"," 1"," 9"
"112"," 7","10"," 8"," 4"," 2"," 1"," 5"," 6"," 3"," 9"
"113"," 8","10"," 6"," 2"," 4"," 1"," 3"," 7"," 5"," 9"
"114"," 9","10"," 6"," 2"," 4"," 1"," 3"," 7"," 5"," 8"
"115"," 8","10"," 6"," 3"," 5"," 2"," 4"," 7"," 1"," 9"
"116"," 9","10"," 6"," 2"," 5"," 1"," 4"," 7"," 3"," 8"
"117"," 8","10"," 6"," 4"," 3"," 1"," 2"," 7"," 5"," 9"
"118"," 9","10"," 8"," 4"," 3"," 1"," 2"," 6"," 5"," 7"
"119"," 8","10"," 6"," 3"," 5"," 2"," 4"," 7"," 1"," 9"
"120"," 9","10"," 8"," 3"," 5"," 1"," 4"," 6"," 2"," 7"
"121"," 8","10"," 6"," 2"," 4"," 1"," 3"," 7"," 5"," 9"
"122"," 9","10"," 6"," 2"," 4"," 1"," 3"," 7"," 5"," 8"
"123"," 8","10"," 6"," 4"," 3"," 1"," 5"," 7"," 2"," 9"
"124"," 9","10"," 6"," 3"," 2"," 1"," 5"," 7"," 4"," 8"
"125"," 8","10"," 6"," 4"," 3"," 1"," 2"," 7"," 5"," 9"
"126"," 9","10"," 8"," 4"," 3"," 1"," 2"," 6"," 5"," 7"
"127"," 8","10"," 6"," 4"," 3"," 1"," 5"," 7"," 1"," 9"
"128"," 9","10"," 8"," 4"," 2"," 1"," 5"," 6"," 3"," 7"
"129"," 8","10"," 4"," 1"," 3"," 4"," 2"," 7"," 6"," 9"
"130"," 8","10"," 5"," 1"," 4"," 2"," 3"," 7"," 5"," 9"
"131"," 8","10"," 4"," 1"," 2"," 6"," 5"," 7"," 3"," 9"
"132"," 8","10"," 6"," 1"," 3"," 2"," 5"," 7"," 4"," 9"
"133"," 8","10"," 4"," 1"," 3"," 4"," 2"," 6"," 7"," 9"
"134"," 8","10"," 5"," 1"," 4"," 2"," 3"," 7"," 6"," 9"
"135"," 8","10"," 4"," 1"," 2"," 6"," 5"," 7"," 3"," 9"
"136"," 8","10"," 6"," 2"," 3"," 1"," 5"," 7"," 4"," 9"
"137"," 8","10"," 4"," 1"," 2"," 4"," 3"," 7"," 6"," 9"
"138"," 8","10"," 5"," 1"," 2"," 3"," 4"," 7"," 5"," 9"
"139"," 8","10"," 4"," 1"," 2"," 6"," 5"," 7"," 3"," 9"
"140"," 8","10"," 6"," 1"," 2"," 3"," 5"," 7"," 4"," 9"
"141"," 8","10"," 4"," 2"," 1"," 4"," 3"," 6"," 7"," 9"
"142"," 8","10"," 5"," 2"," 1"," 3"," 4"," 7"," 6"," 9"
"143"," 8","10"," 4"," 2"," 1"," 6"," 5"," 7"," 3"," 9"
"144"," 8","10"," 6"," 2"," 1"," 3"," 5"," 7"," 4"," 9"
"145"," 9","10"," 4"," 1"," 3"," 4"," 2"," 7"," 6"," 8"
"146"," 9","10"," 5"," 1"," 4"," 2"," 3"," 7"," 5"," 8"
"147"," 9","10"," 4"," 1"," 2"," 6"," 5"," 7"," 3"," 8"
"148"," 9","10"," 6"," 1"," 3"," 2"," 5"," 7"," 4"," 8"
"149"," 9","10"," 4"," 1"," 3"," 4"," 2"," 6"," 7"," 8"
"150"," 9","10"," 5"," 1"," 4"," 2"," 3"," 7"," 6"," 8"
"151"," 9","10"," 4"," 1"," 2"," 6"," 5"," 7"," 3"," 8"
"152"," 9","10"," 6"," 2"," 3"," 1"," 5"," 7"," 4"," 8"
"153"," 9","10"," 4"," 1"," 2"," 4"," 3"," 7"," 6"," 8"
"154"," 9","10"," 5"," 1"," 2"," 3"," 4"," 7"," 5"," 8"
"155"," 9","10"," 4"," 1"," 2"," 6"," 5"," 7"," 3"," 8"
"156"," 9","10"," 6"," 1"," 2"," 3"," 5"," 7"," 4"," 8"
"157"," 9","10"," 4"," 2"," 1"," 4"," 3"," 6"," 7"," 8"
"158"," 9","10"," 5"," 2"," 1"," 3"," 4"," 7"," 6"," 8"
"159"," 9","10"," 4"," 2"," 1"," 6"," 5"," 7"," 3"," 8"
"160"," 9","10"," 6"," 2"," 1"," 3"," 5"," 7"," 4"," 8"
"161"," 8","10"," 5"," 2"," 4"," 1"," 3"," 7"," 6"," 9"
"162"," 8","10"," 5"," 2"," 4"," 1"," 3"," 7"," 5"," 9"
"163"," 8","10"," 4"," 2"," 3"," 1"," 6"," 7"," 4"," 9"
"164"," 8","10"," 6"," 2"," 3"," 1"," 5"," 7"," 4"," 9"
"165"," 8","10"," 5"," 4"," 3"," 1"," 2"," 6"," 7"," 9"
"166"," 8","10"," 5"," 4"," 3"," 1"," 2"," 7"," 6"," 9"
"167"," 8","10"," 4"," 3"," 2"," 1"," 6"," 7"," 4"," 9"
"168"," 8","10"," 6"," 3"," 2"," 1"," 5"," 7"," 4"," 9"
"169"," 8","10"," 5"," 3"," 1"," 2"," 4"," 7"," 6"," 9"
"170"," 8","10"," 5"," 3"," 2"," 1"," 4"," 7"," 5"," 9"
"171"," 8","10"," 4"," 3"," 1"," 2"," 6"," 7"," 4"," 9"
"172"," 8","10"," 6"," 3"," 2"," 1"," 5"," 7"," 4"," 9"
"173"," 8","10"," 5"," 4"," 1"," 2"," 3"," 6"," 7"," 9"
"174"," 8","10"," 5"," 4"," 2"," 1"," 3"," 7"," 6"," 9"
"175"," 8","10"," 4"," 3"," 1"," 2"," 6"," 7"," 4"," 9"
"176"," 8","10"," 6"," 3"," 2"," 1"," 5"," 7"," 4"," 9"
"177"," 9","10"," 5"," 2"," 4"," 1"," 3"," 7"," 6"," 8"
"178"," 9","10"," 5"," 2"," 4"," 1"," 3"," 7"," 5"," 8"
"179"," 9","10"," 4"," 2"," 3"," 1"," 6"," 7"," 4"," 8"
"180"," 9","10"," 6"," 2"," 3"," 1"," 5"," 7"," 4"," 8"
"181"," 9","10"," 5"," 4"," 3"," 1"," 2"," 6"," 7"," 8"
"182"," 9","10"," 5"," 4"," 3"," 1"," 2"," 7"," 6"," 8"
"183"," 9","10"," 4"," 3"," 2"," 1"," 6"," 7"," 4"," 8"
"184"," 9","10"," 6"," 3"," 2"," 1"," 5"," 7"," 4"," 8"
"185"," 9","10"," 5"," 3"," 1"," 2"," 4"," 7"," 6"," 8"
"186"," 9","10"," 5"," 3"," 2"," 1"," 4"," 7"," 5"," 8"
"187"," 9","10"," 4"," 3"," 1"," 2"," 6"," 7"," 4"," 8"
"188"," 9","10"," 6"," 3"," 2"," 1"," 5"," 7"," 4"," 8"
"189"," 9","10"," 5"," 4"," 1"," 2"," 3"," 6"," 7"," 8"
"190"," 9","10"," 5"," 4"," 2"," 1"," 3"," 7"," 6"," 8"
"191"," 9","10"," 4"," 3"," 1"," 2"," 6"," 7"," 4"," 8"
"192"," 9","10"," 6"," 3"," 2"," 1"," 5"," 7"," 4"," 8"
"193"," 8","10"," 6"," 1"," 3"," 5"," 2"," 7"," 4"," 9"
"194"," 8","10"," 6"," 1"," 4"," 2"," 3"," 7"," 5"," 9"
"195"," 8","10"," 6"," 1"," 2"," 4"," 5"," 7"," 3"," 9"
"196"," 8","10"," 6"," 1"," 4"," 2"," 5"," 7"," 2"," 9"
"197"," 8","10"," 6"," 1"," 3"," 5"," 2"," 7"," 4"," 9"
"198"," 8","10"," 7"," 1"," 4"," 2"," 3"," 6"," 5"," 9"
"199"," 8","10"," 6"," 2"," 1"," 4"," 5"," 7"," 3"," 9"
"200"," 8","10"," 7"," 1"," 4"," 2"," 5"," 6"," 2"," 9"
"201"," 8","10"," 6"," 1"," 2"," 5"," 3"," 7"," 4"," 9"
"202"," 8","10"," 6"," 1"," 2"," 3"," 4"," 7"," 5"," 9"
"203"," 8","10"," 6"," 1"," 2"," 4"," 5"," 7"," 3"," 9"
"204"," 8","10"," 6"," 1"," 2"," 4"," 5"," 7"," 3"," 9"
"205"," 8","10"," 6"," 2"," 1"," 5"," 3"," 7"," 4"," 9"
"206"," 8","10"," 7"," 2"," 1"," 3"," 4"," 6"," 5"," 9"
"207"," 8","10"," 6"," 2"," 1"," 4"," 5"," 7"," 3"," 9"
"208"," 8","10"," 7"," 3"," 1"," 4"," 5"," 6"," 2"," 9"
"209"," 9","10"," 6"," 1"," 3"," 5"," 2"," 7"," 4"," 8"
"210"," 9","10"," 7"," 1"," 4"," 2"," 3"," 6"," 5"," 7"
"211"," 9","10"," 6"," 1"," 2"," 4"," 5"," 7"," 3"," 8"
"212"," 9","10"," 7"," 1"," 4"," 2"," 5"," 6"," 2"," 7"
"213"," 9","10"," 6"," 1"," 3"," 5"," 2"," 7"," 4"," 8"
"214"," 9","10"," 8"," 1"," 4"," 2"," 3"," 6"," 5"," 7"
"215"," 9","10"," 6"," 2"," 1"," 4"," 5"," 7"," 3"," 8"
"216"," 9","10"," 8"," 1"," 4"," 2"," 5"," 6"," 2"," 7"
"217"," 9","10"," 6"," 1"," 2"," 5"," 3"," 7"," 4"," 8"
"218"," 9","10"," 7"," 1"," 2"," 3"," 4"," 6"," 5"," 7"
"219"," 9","10"," 6"," 1"," 2"," 4"," 5"," 7"," 3"," 8"
"220"," 9","10"," 7"," 1"," 2"," 4"," 5"," 6"," 3"," 7"
"221"," 9","10"," 6"," 2"," 1"," 5"," 3"," 7"," 4"," 8"
"222"," 9","10"," 8"," 2"," 1"," 3"," 4"," 6"," 5"," 7"
"223"," 9","10"," 6"," 2"," 1"," 4"," 5"," 7"," 3"," 8"
"224"," 9","10"," 8"," 3"," 1"," 4"," 5"," 6"," 2"," 7"
"225"," 8","10"," 6"," 2"," 4"," 1"," 3"," 7"," 5"," 9"
"226"," 8","10"," 6"," 2"," 4"," 1"," 3"," 7"," 5"," 9"
"227"," 8","10"," 6"," 4"," 3"," 1"," 5"," 7"," 2"," 9"
"228"," 8","10"," 6"," 3"," 2"," 1"," 5"," 7"," 4"," 9"
"229"," 8","10"," 6"," 4"," 3"," 1"," 2"," 7"," 5"," 9"
"230"," 8","10"," 7"," 4"," 3"," 1"," 2"," 6"," 5"," 9"
"231"," 8","10"," 6"," 4"," 3"," 1"," 5"," 7"," 1"," 9"
"232"," 8","10"," 7"," 4"," 2"," 1"," 5"," 6"," 3"," 9"
"233"," 8","10"," 6"," 3"," 1"," 2"," 4"," 7"," 5"," 9"
"234"," 8","10"," 6"," 3"," 2"," 1"," 4"," 7"," 5"," 9"
"235"," 8","10"," 6"," 4"," 1"," 3"," 5"," 7"," 2"," 9"
"236"," 8","10"," 6"," 3"," 2"," 1"," 5"," 7"," 4"," 9"
"237"," 8","10"," 6"," 4"," 1"," 2"," 3"," 7"," 5"," 9"
"238"," 8","10"," 7"," 4"," 2"," 1"," 3"," 6"," 5"," 9"
"239"," 8","10"," 6"," 4"," 1"," 3"," 5"," 7"," 2"," 9"
"240"," 8","10"," 7"," 4"," 2"," 1"," 5"," 6"," 3"," 9"
"241"," 9","10"," 6"," 2"," 4"," 1"," 3"," 7"," 5"," 8"
"242"," 9","10"," 7"," 2"," 4"," 1"," 3"," 6"," 5"," 7"
"243"," 9","10"," 6"," 4"," 3"," 1"," 5"," 7"," 2"," 8"
"244"," 9","10"," 7"," 3"," 2"," 1"," 5"," 6"," 4"," 7"
"245"," 9","10"," 6"," 4"," 3"," 1"," 2"," 7"," 5"," 8"
"246"," 9","10"," 8"," 4"," 3"," 1"," 2"," 6"," 5"," 7"
"247"," 9","10"," 6"," 4"," 3"," 1"," 5"," 7"," 1"," 8"
"248"," 9","10"," 8"," 4"," 2"," 1"," 5"," 6"," 3"," 7"
"249"," 9","10"," 6"," 3"," 1"," 2"," 4"," 7"," 5"," 8"
"250"," 9","10"," 7"," 3"," 2"," 1"," 4"," 6"," 5"," 7"
"251"," 9","10"," 6"," 4"," 1"," 3"," 5"," 7"," 2"," 8"
"252"," 9","10"," 7"," 3"," 2"," 1"," 5"," 6"," 4"," 7"
"253"," 9","10"," 6"," 4"," 1"," 2"," 3"," 7"," 5"," 8"
"254"," 9","10"," 8"," 4"," 2"," 1"," 3"," 6"," 5"," 7"
"255"," 9","10"," 6"," 4"," 1"," 3"," 5"," 7"," 2"," 8"
"256"," 9","10"," 8"," 4"," 2"," 1"," 5"," 6"," 3"," 7"
"257"," 6","10"," 5"," 1"," 4"," 3"," 2"," 9"," 7"," 8"
"258"," 7","10"," 5"," 1"," 4"," 2"," 3"," 9"," 6"," 8"
"259"," 7","10"," 6"," 1"," 5"," 3"," 2"," 9"," 3"," 8"
"260"," 7","10"," 6"," 1"," 4"," 2"," 3"," 9"," 5"," 8"
"261"," 6","10"," 5"," 1"," 4"," 3"," 2"," 8"," 7"," 9"
"262"," 7","10"," 5"," 1"," 4"," 2"," 3"," 8"," 6"," 9"
"263"," 7","10"," 6"," 1"," 5"," 3"," 2"," 8"," 3"," 9"
"264"," 7","10"," 6"," 1"," 4"," 2"," 3"," 8"," 5"," 9"
"265"," 6","10"," 4"," 1"," 3"," 4"," 2"," 9"," 7"," 8"
"266"," 7","10"," 5"," 1"," 4"," 2"," 3"," 9"," 6"," 8"
"267"," 7","10"," 4"," 1"," 2"," 6"," 5"," 9"," 3"," 8"
"268"," 7","10"," 6"," 1"," 3"," 2"," 5"," 9"," 4"," 8"
"269"," 6","10"," 4"," 1"," 3"," 4"," 2"," 8"," 7"," 9"
"270"," 7","10"," 5"," 1"," 4"," 2"," 3"," 8"," 6"," 9"
"271"," 7","10"," 4"," 1"," 2"," 6"," 5"," 8"," 3"," 9"
"272"," 7","10"," 6"," 2"," 3"," 1"," 5"," 8"," 4"," 9"
"273"," 8","10"," 5"," 1"," 4"," 3"," 2"," 9"," 6"," 6"
"274"," 8","10"," 7"," 1"," 4"," 2"," 3"," 9"," 6"," 5"
"275"," 8","10"," 6"," 1"," 5"," 3"," 2"," 9"," 3"," 7"
"276"," 8","10"," 7"," 1"," 4"," 2"," 3"," 9"," 5"," 6"
"277"," 9","10"," 5"," 1"," 4"," 3"," 2"," 8"," 6"," 6"
"278"," 9","10"," 7"," 1"," 4"," 2"," 3"," 8"," 6"," 5"
"279"," 9","10"," 6"," 1"," 5"," 3"," 2"," 8"," 3"," 7"
"280"," 9","10"," 7"," 1"," 4"," 2"," 3"," 8"," 5"," 6"
"281"," 8","10"," 4"," 1"," 3"," 4"," 2"," 9"," 6"," 6"
"282"," 8","10"," 7"," 1"," 4"," 2"," 3"," 9"," 6"," 5"
"283"," 8","10"," 4"," 1"," 2"," 6"," 5"," 9"," 3"," 7"
"284"," 8","10"," 7"," 1"," 3"," 2"," 5"," 9"," 4"," 6"
"285"," 9","10"," 4"," 1"," 3"," 4"," 2"," 8"," 6"," 6"
"286"," 9","10"," 7"," 1"," 4"," 2"," 3"," 8"," 6"," 5"
"287"," 9","10"," 4"," 1"," 2"," 6"," 5"," 8"," 3"," 7"
"288"," 9","10"," 7"," 2"," 3"," 1"," 5"," 8"," 4"," 6"
"289"," 6","10"," 5"," 2"," 4"," 1"," 3"," 9"," 7"," 8"
"290"," 7","10"," 5"," 2"," 4"," 1"," 3"," 9"," 6"," 8"
"291"," 7","10"," 5"," 2"," 3"," 1"," 4"," 9"," 5"," 8"
"292"," 7","10"," 6"," 2"," 4"," 1"," 3"," 9"," 5"," 8"
"293"," 6","10"," 5"," 4"," 3"," 1"," 2"," 8"," 7"," 9"
"294"," 7","10"," 5"," 3"," 4"," 1"," 2"," 8"," 6"," 9"
"295"," 7","10"," 5"," 2"," 3"," 1"," 4"," 8"," 5"," 9"
"296"," 7","10"," 6"," 2"," 3"," 1"," 4"," 8"," 5"," 9"
"297"," 6","10"," 5"," 2"," 4"," 1"," 3"," 9"," 7"," 8"
"298"," 7","10"," 5"," 2"," 4"," 1"," 3"," 9"," 6"," 8"
"299"," 7","10"," 4"," 2"," 3"," 1"," 6"," 9"," 4"," 8"
"300"," 7","10"," 6"," 2"," 3"," 1"," 5"," 9"," 4"," 8"
"301"," 6","10"," 5"," 4"," 3"," 1"," 2"," 8"," 7"," 9"
"302"," 7","10"," 5"," 4"," 3"," 1"," 2"," 8"," 6"," 9"
"303"," 7","10"," 4"," 3"," 2"," 1"," 6"," 8"," 4"," 9"
"304"," 7","10"," 6"," 3"," 2"," 1"," 5"," 8"," 4"," 9"
"305"," 8","10"," 5"," 2"," 4"," 1"," 3"," 9"," 6"," 6"
"306"," 8","10"," 7"," 2"," 4"," 1"," 3"," 9"," 6"," 5"
"307"," 8","10"," 5"," 2"," 3"," 1"," 4"," 9"," 5"," 7"
"308"," 8","10"," 7"," 2"," 4"," 1"," 3"," 9"," 5"," 6"
"309"," 9","10"," 5"," 4"," 3"," 1"," 2"," 8"," 6"," 6"
"310"," 9","10"," 7"," 3"," 4"," 1"," 2"," 8"," 6"," 5"
"311"," 9","10"," 5"," 2"," 3"," 1"," 4"," 8"," 5"," 7"
"312"," 9","10"," 7"," 2"," 3"," 1"," 4"," 8"," 5"," 6"
"313"," 8","10"," 5"," 2"," 4"," 1"," 3"," 9"," 6"," 6"
"314"," 8","10"," 7"," 2"," 4"," 1"," 3"," 9"," 6"," 5"
"315"," 8","10"," 4"," 2"," 3"," 1"," 6"," 9"," 4"," 7"
"316"," 8","10"," 7"," 2"," 3"," 1"," 5"," 9"," 4"," 6"
"317"," 9","10"," 5"," 4"," 3"," 1"," 2"," 8"," 6"," 6"
"318"," 9","10"," 7"," 4"," 3"," 1"," 2"," 8"," 6"," 5"
"319"," 9","10"," 4"," 3"," 2"," 1"," 6"," 8"," 4"," 7"
"320"," 9","10"," 7"," 3"," 2"," 1"," 5"," 8"," 4"," 6"
"321"," 7","10"," 6"," 1"," 5"," 3"," 2"," 9"," 3"," 8"
"322"," 6","10"," 8"," 1"," 4"," 2"," 3"," 9"," 5"," 7"
"323"," 7","10"," 6"," 1"," 5"," 3"," 4"," 9"," 2"," 8"
"324"," 6","10"," 8"," 1"," 5"," 3"," 4"," 9"," 2"," 7"
"325"," 7","10"," 6"," 1"," 5"," 3"," 2"," 8"," 3"," 9"
"326"," 6","10"," 8"," 1"," 4"," 2"," 3"," 9"," 5"," 7"
"327"," 7","10"," 6"," 1"," 5"," 3"," 4"," 8"," 2"," 9"
"328"," 6","10"," 8"," 2"," 5"," 3"," 4"," 9"," 1"," 7"
"329"," 7","10"," 6"," 1"," 3"," 5"," 2"," 9"," 4"," 8"
"330"," 6","10"," 8"," 1"," 4"," 2"," 3"," 9"," 5"," 7"
"331"," 7","10"," 6"," 1"," 2"," 4"," 5"," 9"," 3"," 8"
"332"," 6","10"," 8"," 1"," 4"," 2"," 5"," 9"," 2"," 7"
"333"," 7","10"," 6"," 1"," 3"," 5"," 2"," 8"," 4"," 9"
"334"," 6","10"," 8"," 1"," 4"," 2"," 3"," 9"," 5"," 7"
"335"," 7","10"," 6"," 2"," 1"," 4"," 5"," 8"," 3"," 9"
"336"," 6","10"," 8"," 1"," 4"," 2"," 5"," 9"," 2"," 7"
"337"," 8","10"," 7"," 1"," 5"," 3"," 2"," 9"," 3"," 6"
"338"," 8","10"," 7"," 1"," 4"," 2"," 3"," 9"," 5"," 6"
"339"," 8","10"," 7"," 1"," 5"," 3"," 4"," 9"," 2"," 6"
"340"," 8","10"," 7"," 1"," 5"," 3"," 4"," 9"," 2"," 6"
"341"," 9","10"," 7"," 1"," 5"," 3"," 2"," 8"," 3"," 6"
"342"," 9","10"," 7"," 1"," 4"," 2"," 3"," 8"," 5"," 6"
"343"," 9","10"," 7"," 1"," 5"," 3"," 4"," 8"," 2"," 6"
"344"," 9","10"," 7"," 2"," 5"," 3"," 4"," 8"," 1"," 6"
"345"," 8","10"," 7"," 1"," 3"," 5"," 2"," 9"," 4"," 6"
"346"," 8","10"," 7"," 1"," 4"," 2"," 3"," 9"," 5"," 6"
"347"," 8","10"," 7"," 1"," 2"," 4"," 5"," 9"," 3"," 6"
"348"," 8","10"," 7"," 1"," 4"," 2"," 5"," 9"," 2"," 6"
"349"," 9","10"," 7"," 1"," 3"," 5"," 2"," 8"," 4"," 6"
"350"," 9","10"," 7"," 1"," 4"," 2"," 3"," 8"," 5"," 6"
"351"," 9","10"," 7"," 2"," 1"," 4"," 5"," 8"," 3"," 6"
"352"," 9","10"," 7"," 1"," 4"," 2"," 5"," 8"," 2"," 6"
"353"," 7","10"," 6"," 2"," 4"," 1"," 3"," 9"," 5"," 8"
"354"," 6","10"," 8"," 2"," 4"," 1"," 3"," 9"," 5"," 7"
"355"," 7","10"," 6"," 3"," 5"," 2"," 4"," 9"," 1"," 8"
"356"," 6","10"," 8"," 2"," 5"," 1"," 4"," 9"," 3"," 7"
"357"," 7","10"," 6"," 4"," 3"," 1"," 2"," 8"," 5"," 9"
"358"," 6","10"," 8"," 4"," 3"," 1"," 2"," 9"," 5"," 7"
"359"," 7","10"," 6"," 3"," 5"," 2"," 4"," 8"," 1"," 9"
"360"," 6","10"," 8"," 3"," 5"," 1"," 4"," 9"," 2"," 7"
"361"," 7","10"," 6"," 2"," 4"," 1"," 3"," 9"," 5"," 8"
"362"," 6","10"," 8"," 2"," 4"," 1"," 3"," 9"," 5"," 7"
"363"," 7","10"," 6"," 4"," 3"," 1"," 5"," 9"," 2"," 8"
"364"," 6","10"," 8"," 3"," 2"," 1"," 5"," 9"," 4"," 7"
"365"," 7","10"," 6"," 4"," 3"," 1"," 2"," 8"," 5"," 9"
"366"," 6","10"," 8"," 4"," 3"," 1"," 2"," 9"," 5"," 7"
"367"," 7","10"," 6"," 4"," 3"," 1"," 5"," 8"," 1"," 9"
"368"," 6","10"," 8"," 4"," 2"," 1"," 5"," 9"," 3"," 7"
"369"," 8","10"," 7"," 2"," 4"," 1"," 3"," 9"," 5"," 6"
"370"," 8","10"," 7"," 2"," 4"," 1"," 3"," 9"," 5"," 6"
"371"," 8","10"," 7"," 3"," 5"," 2"," 4"," 9"," 1"," 6"
"372"," 8","10"," 7"," 2"," 5"," 1"," 4"," 9"," 3"," 6"
"373"," 9","10"," 7"," 4"," 3"," 1"," 2"," 8"," 5"," 6"
"374"," 9","10"," 7"," 4"," 3"," 1"," 2"," 8"," 5"," 6"
"375"," 9","10"," 7"," 3"," 5"," 2"," 4"," 8"," 1"," 6"
"376"," 9","10"," 7"," 3"," 5"," 1"," 4"," 8"," 2"," 6"
"377"," 8","10"," 7"," 2"," 4"," 1"," 3"," 9"," 5"," 6"
"378"," 8","10"," 7"," 2"," 4"," 1"," 3"," 9"," 5"," 6"
"379"," 8","10"," 7"," 4"," 3"," 1"," 5"," 9"," 2"," 6"
"380"," 8","10"," 7"," 3"," 2"," 1"," 5"," 9"," 4"," 6"
"381"," 9","10"," 7"," 4"," 3"," 1"," 2"," 8"," 5"," 6"
"382"," 9","10"," 7"," 4"," 3"," 1"," 2"," 8"," 5"," 6"
"383"," 9","10"," 7"," 4"," 3"," 1"," 5"," 8"," 1"," 6"
"384"," 9","10"," 7"," 4"," 2"," 1"," 5"," 8"," 3"," 6"
"385"," 7","10"," 4"," 1"," 3"," 4"," 2"," 9"," 6"," 8"
"386"," 7","10"," 5"," 1"," 4"," 2"," 3"," 9"," 5"," 8"
"387"," 7","10"," 4"," 1"," 2"," 6"," 5"," 9"," 3"," 8"
"388"," 7","10"," 6"," 1"," 3"," 2"," 5"," 9"," 4"," 8"
"389"," 7","10"," 4"," 1"," 3"," 4"," 2"," 8"," 6"," 9"
"390"," 7","10"," 5"," 1"," 4"," 2"," 3"," 8"," 5"," 9"
"391"," 7","10"," 4"," 1"," 2"," 6"," 5"," 8"," 3"," 9"
"392"," 7","10"," 6"," 2"," 3"," 1"," 5"," 8"," 4"," 9"
"393"," 7","10"," 4"," 1"," 2"," 4"," 3"," 9"," 6"," 8"
"394"," 7","10"," 5"," 1"," 2"," 3"," 4"," 9"," 5"," 8"
"395"," 7","10"," 4"," 1"," 2"," 6"," 5"," 9"," 3"," 8"
"396"," 7","10"," 6"," 1"," 2"," 3"," 5"," 9"," 4"," 8"
"397"," 7","10"," 4"," 2"," 1"," 4"," 3"," 8"," 6"," 9"
"398"," 7","10"," 5"," 2"," 1"," 3"," 4"," 8"," 5"," 9"
"399"," 7","10"," 4"," 2"," 1"," 6"," 5"," 8"," 3"," 9"
"400"," 7","10"," 6"," 2"," 1"," 3"," 5"," 8"," 4"," 9"
"401"," 9","10"," 4"," 1"," 3"," 4"," 2"," 8"," 6"," 6"
"402"," 9","10"," 7"," 1"," 4"," 2"," 3"," 8"," 6"," 5"
"403"," 9","10"," 4"," 1"," 2"," 6"," 5"," 8"," 3"," 7"
"404"," 9","10"," 7"," 1"," 3"," 2"," 5"," 8"," 4"," 6"
"405"," 9","10"," 4"," 1"," 3"," 4"," 2"," 8"," 6"," 6"
"406"," 9","10"," 7"," 1"," 4"," 2"," 3"," 8"," 6"," 5"
"407"," 9","10"," 4"," 1"," 2"," 6"," 5"," 8"," 3"," 7"
"408"," 9","10"," 7"," 2"," 3"," 1"," 5"," 8"," 4"," 6"
"409"," 9","10"," 4"," 1"," 2"," 4"," 3"," 8"," 6"," 6"
"410"," 9","10"," 7"," 1"," 2"," 3"," 4"," 8"," 6"," 5"
"411"," 9","10"," 4"," 1"," 2"," 6"," 5"," 8"," 3"," 7"
"412"," 9","10"," 7"," 1"," 2"," 3"," 5"," 8"," 4"," 6"
"413"," 9","10"," 4"," 2"," 1"," 4"," 3"," 8"," 6"," 6"
"414"," 9","10"," 7"," 2"," 1"," 3"," 4"," 8"," 6"," 5"
"415"," 9","10"," 4"," 2"," 1"," 6"," 5"," 8"," 3"," 7"
"416"," 9","10"," 7"," 2"," 1"," 3"," 5"," 8"," 4"," 6"
"417"," 7","10"," 5"," 2"," 4"," 1"," 3"," 9"," 6"," 8"
"418"," 7","10"," 5"," 2"," 4"," 1"," 3"," 9"," 5"," 8"
"419"," 7","10"," 4"," 2"," 3"," 1"," 6"," 9"," 4"," 8"
"420"," 7","10"," 6"," 2"," 3"," 1"," 5"," 9"," 4"," 8"
"421"," 7","10"," 5"," 4"," 3"," 1"," 2"," 8"," 6"," 9"
"422"," 7","10"," 5"," 4"," 3"," 1"," 2"," 8"," 5"," 9"
"423"," 7","10"," 4"," 3"," 2"," 1"," 6"," 8"," 4"," 9"
"424"," 7","10"," 6"," 3"," 2"," 1"," 5"," 8"," 4"," 9"
"425"," 7","10"," 5"," 3"," 1"," 2"," 4"," 9"," 6"," 8"
"426"," 7","10"," 5"," 3"," 2"," 1"," 4"," 9"," 5"," 8"
"427"," 7","10"," 4"," 3"," 1"," 2"," 6"," 9"," 4"," 8"
"428"," 7","10"," 6"," 3"," 2"," 1"," 5"," 9"," 4"," 8"
"429"," 7","10"," 5"," 4"," 1"," 2"," 3"," 8"," 6"," 9"
"430"," 7","10"," 5"," 4"," 2"," 1"," 3"," 8"," 5"," 9"
"431"," 7","10"," 4"," 3"," 1"," 2"," 6"," 8"," 4"," 9"
"432"," 7","10"," 6"," 3"," 2"," 1"," 5"," 8"," 4"," 9"
"433"," 9","10"," 5"," 2"," 4"," 1"," 3"," 8"," 6"," 6"
"434"," 9","10"," 7"," 2"," 4"," 1"," 3"," 8"," 6"," 5"
"435"," 9","10"," 4"," 2"," 3"," 1"," 6"," 8"," 4"," 7"
"436"," 9","10"," 7"," 2"," 3"," 1"," 5"," 8"," 4"," 6"
"437"," 9","10"," 5"," 4"," 3"," 1"," 2"," 8"," 6"," 6"
"438"," 9","10"," 7"," 4"," 3"," 1"," 2"," 8"," 6"," 5"
"439"," 9","10"," 4"," 3"," 2"," 1"," 6"," 8"," 4"," 7"
"440"," 9","10"," 7"," 3"," 2"," 1"," 5"," 8"," 4"," 6"
"441"," 9","10"," 5"," 3"," 1"," 2"," 4"," 8"," 6"," 6"
"442"," 9","10"," 7"," 3"," 2"," 1"," 4"," 8"," 6"," 5"
"443"," 9","10"," 4"," 3"," 1"," 2"," 6"," 8"," 4"," 7"
"444"," 9","10"," 7"," 3"," 2"," 1"," 5"," 8"," 4"," 6"
"445"," 9","10"," 5"," 4"," 1"," 2"," 3"," 8"," 6"," 6"
"446"," 9","10"," 7"," 4"," 2"," 1"," 3"," 8"," 6"," 5"
"447"," 9","10"," 4"," 3"," 1"," 2"," 6"," 8"," 4"," 7"
"448"," 9","10"," 7"," 3"," 2"," 1"," 5"," 8"," 4"," 6"
"449"," 7","10"," 6"," 1"," 3"," 5"," 2"," 9"," 4"," 8"
"450"," 6","10"," 7"," 1"," 4"," 2"," 3"," 9"," 5"," 7"
"451"," 7","10"," 6"," 1"," 2"," 4"," 5"," 9"," 3"," 8"
"452"," 6","10"," 7"," 1"," 4"," 2"," 5"," 9"," 2"," 7"
"453"," 7","10"," 6"," 1"," 3"," 5"," 2"," 8"," 4"," 9"
"454"," 7","10"," 6"," 1"," 4"," 2"," 3"," 9"," 5"," 8"
"455"," 7","10"," 6"," 2"," 1"," 4"," 5"," 8"," 3"," 9"
"456"," 7","10"," 6"," 1"," 4"," 2"," 5"," 9"," 2"," 8"
"457"," 7","10"," 6"," 1"," 2"," 5"," 3"," 9"," 4"," 8"
"458"," 6","10"," 7"," 1"," 2"," 3"," 4"," 9"," 5"," 7"
"459"," 7","10"," 6"," 1"," 2"," 4"," 5"," 9"," 3"," 8"
"460"," 6","10"," 7"," 1"," 2"," 4"," 5"," 9"," 3"," 7"
"461"," 7","10"," 6"," 2"," 1"," 5"," 3"," 8"," 4"," 9"
"462"," 7","10"," 6"," 2"," 1"," 3"," 4"," 9"," 5"," 8"
"463"," 7","10"," 6"," 2"," 1"," 4"," 5"," 8"," 3"," 9"
"464"," 7","10"," 6"," 3"," 1"," 4"," 5"," 9"," 2"," 8"
"465"," 9","10"," 7"," 1"," 3"," 5"," 2"," 8"," 4"," 6"
"466"," 9","10"," 7"," 1"," 4"," 2"," 3"," 8"," 5"," 6"
"467"," 9","10"," 7"," 1"," 2"," 4"," 5"," 8"," 3"," 6"
"468"," 9","10"," 7"," 1"," 4"," 2"," 5"," 8"," 2"," 6"
"469"," 9","10"," 7"," 1"," 3"," 5"," 2"," 8"," 4"," 6"
"470"," 9","10"," 7"," 1"," 4"," 2"," 3"," 8"," 5"," 6"
"471"," 9","10"," 7"," 2"," 1"," 4"," 5"," 8"," 3"," 6"
"472"," 9","10"," 7"," 1"," 4"," 2"," 5"," 8"," 2"," 6"
"473"," 9","10"," 7"," 1"," 2"," 5"," 3"," 8"," 4"," 6"
"474"," 9","10"," 7"," 1"," 2"," 3"," 4"," 8"," 5"," 6"
"475"," 9","10"," 7"," 1"," 2"," 4"," 5"," 8"," 3"," 6"
"476"," 9","10"," 7"," 1"," 2"," 4"," 5"," 8"," 3"," 6"
"477"," 9","10"," 7"," 2"," 1"," 5"," 3"," 8"," 4"," 6"
"478"," 9","10"," 7"," 2"," 1"," 3"," 4"," 8"," 5"," 6"
"479"," 9","10"," 7"," 2"," 1"," 4"," 5"," 8"," 3"," 6"
"480"," 9","10"," 7"," 3"," 1"," 4"," 5"," 8"," 2"," 6"
"481"," 7","10"," 6"," 2"," 4"," 1"," 3"," 9"," 5"," 8"
"482"," 6","10"," 7"," 2"," 4"," 1"," 3"," 9"," 5"," 7"
"483"," 7","10"," 6"," 4"," 3"," 1"," 5"," 9"," 2"," 8"
"484"," 6","10"," 7"," 3"," 2"," 1"," 5"," 9"," 4"," 7"
"485"," 7","10"," 6"," 4"," 3"," 1"," 2"," 8"," 5"," 9"
"486"," 7","10"," 6"," 4"," 3"," 1"," 2"," 9"," 5"," 8"
"487"," 7","10"," 6"," 4"," 3"," 1"," 5"," 8"," 1"," 9"
"488"," 7","10"," 6"," 4"," 2"," 1"," 5"," 9"," 3"," 8"
"489"," 7","10"," 6"," 3"," 1"," 2"," 4"," 9"," 5"," 8"
"490"," 6","10"," 7"," 3"," 2"," 1"," 4"," 9"," 5"," 7"
"491"," 7","10"," 6"," 4"," 1"," 3"," 5"," 9"," 2"," 8"
"492"," 6","10"," 7"," 3"," 2"," 1"," 5"," 9"," 4"," 7"
"493"," 7","10"," 6"," 4"," 1"," 2"," 3"," 8"," 5"," 9"
"494"," 7","10"," 6"," 4"," 2"," 1"," 3"," 9"," 5"," 8"
"495"," 7","10"," 6"," 4"," 1"," 3"," 5"," 8"," 2"," 9"
"496"," 7","10"," 6"," 4"," 2"," 1"," 5"," 9"," 3"," 8"
"497"," 9","10"," 7"," 2"," 4"," 1"," 3"," 8"," 5"," 6"
"498"," 9","10"," 7"," 2"," 4"," 1"," 3"," 8"," 5"," 6"
"499"," 9","10"," 7"," 4"," 3"," 1"," 5"," 8"," 2"," 6"
"500"," 9","10"," 7"," 3"," 2"," 1"," 5"," 8"," 4"," 6"
"501"," 9","10"," 7"," 4"," 3"," 1"," 2"," 8"," 5"," 6"
"502"," 9","10"," 7"," 4"," 3"," 1"," 2"," 8"," 5"," 6"
"503"," 9","10"," 7"," 4"," 3"," 1"," 5"," 8"," 1"," 6"
"504"," 9","10"," 7"," 4"," 2"," 1"," 5"," 8"," 3"," 6"
"505"," 9","10"," 7"," 3"," 1"," 2"," 4"," 8"," 5"," 6"
"506"," 9","10"," 7"," 3"," 2"," 1"," 4"," 8"," 5"," 6"
"507"," 9","10"," 7"," 4"," 1"," 3"," 5"," 8"," 2"," 6"
"508"," 9","10"," 7"," 3"," 2"," 1"," 5"," 8"," 4"," 6"
"509"," 9","10"," 7"," 4"," 1"," 2"," 3"," 8"," 5"," 6"
"510"," 9","10"," 7"," 4"," 2"," 1"," 3"," 8"," 5"," 6"
"511"," 9","10"," 7"," 4"," 1"," 3"," 5"," 8"," 2"," 6"
"512"," 9","10"," 7"," 4"," 2"," 1"," 5"," 8"," 3"," 6"
"513"," 6","10"," 5"," 1"," 4"," 3"," 2"," 8"," 7"," 9"
"514"," 7","10"," 5"," 1"," 4"," 3"," 2"," 8"," 6"," 9"
"515"," 7","10"," 6"," 1"," 3"," 4"," 2"," 8"," 4"," 9"
"516"," 7","10"," 6"," 1"," 4"," 2"," 3"," 8"," 5"," 9"
"517"," 7","10"," 5"," 2"," 4"," 3"," 1"," 6"," 8"," 9"
"518"," 8","10"," 5"," 2"," 4"," 3"," 1"," 7"," 6"," 9"
"519"," 8","10"," 6"," 1"," 3"," 4"," 2"," 7"," 4"," 9"
"520"," 8","10"," 6"," 1"," 4"," 2"," 3"," 7"," 5"," 9"
"521"," 6","10"," 4"," 1"," 3"," 4"," 2"," 8"," 7"," 9"
"522"," 7","10"," 5"," 1"," 4"," 3"," 2"," 8"," 6"," 9"
"523"," 7","10"," 5"," 1"," 3"," 6"," 2"," 8"," 4"," 9"
"524"," 7","10"," 6"," 1"," 4"," 2"," 3"," 8"," 5"," 9"
"525"," 7","10"," 4"," 2"," 3"," 4"," 1"," 6"," 8"," 9"
"526"," 8","10"," 5"," 3"," 4"," 2"," 1"," 7"," 6"," 9"
"527"," 8","10"," 5"," 1"," 3"," 6"," 2"," 7"," 4"," 9"
"528"," 8","10"," 6"," 1"," 4"," 2"," 3"," 7"," 5"," 9"
"529"," 8","10"," 5"," 1"," 4"," 3"," 2"," 7"," 6"," 9"
"530"," 8","10"," 5"," 1"," 4"," 3"," 2"," 7"," 5"," 9"
"531"," 8","10"," 6"," 1"," 3"," 4"," 2"," 7"," 4"," 9"
"532"," 8","10"," 6"," 1"," 4"," 2"," 3"," 7"," 5"," 9"
"533"," 8","10"," 5"," 2"," 4"," 3"," 1"," 6"," 7"," 9"
"534"," 8","10"," 5"," 2"," 4"," 3"," 1"," 7"," 6"," 9"
"535"," 8","10"," 6"," 1"," 3"," 4"," 2"," 7"," 4"," 9"
"536"," 8","10"," 6"," 1"," 4"," 2"," 3"," 7"," 5"," 9"
"537"," 8","10"," 4"," 1"," 3"," 4"," 2"," 7"," 6"," 9"
"538"," 8","10"," 5"," 1"," 4"," 3"," 2"," 7"," 5"," 9"
"539"," 8","10"," 5"," 1"," 3"," 6"," 2"," 7"," 4"," 9"
"540"," 8","10"," 6"," 1"," 4"," 2"," 3"," 7"," 5"," 9"
"541"," 8","10"," 4"," 2"," 3"," 4"," 1"," 6"," 7"," 9"
"542"," 8","10"," 5"," 3"," 4"," 2"," 1"," 7"," 6"," 9"
"543"," 8","10"," 5"," 1"," 3"," 6"," 2"," 7"," 4"," 9"
"544"," 8","10"," 6"," 1"," 4"," 2"," 3"," 7"," 5"," 9"
"545"," 6","10"," 5"," 3"," 4"," 2"," 1"," 8"," 7"," 9"
"546"," 7","10"," 5"," 3"," 4"," 1"," 2"," 8"," 6"," 9"
"547"," 7","10"," 5"," 2"," 4"," 1"," 3"," 8"," 5"," 9"
"548"," 7","10"," 6"," 2"," 4"," 1"," 3"," 8"," 5"," 9"
"549"," 7","10"," 5"," 4"," 3"," 2"," 1"," 6"," 8"," 9"
"550"," 8","10"," 5"," 3"," 4"," 1"," 2"," 7"," 6"," 9"
"551"," 8","10"," 5"," 4"," 3"," 1"," 2"," 7"," 5"," 9"
"552"," 8","10"," 6"," 4"," 3"," 1"," 2"," 7"," 5"," 9"
"553"," 6","10"," 5"," 3"," 4"," 2"," 1"," 8"," 7"," 9"
"554"," 7","10"," 5"," 3"," 4"," 1"," 2"," 8"," 6"," 9"
"555"," 7","10"," 5"," 2"," 4"," 1"," 3"," 8"," 5"," 9"
"556"," 7","10"," 6"," 2"," 4"," 1"," 3"," 8"," 5"," 9"
"557"," 7","10"," 5"," 4"," 3"," 2"," 1"," 6"," 8"," 9"
"558"," 8","10"," 5"," 4"," 3"," 1"," 2"," 7"," 6"," 9"
"559"," 8","10"," 5"," 4"," 3"," 1"," 2"," 7"," 5"," 9"
"560"," 8","10"," 6"," 4"," 3"," 1"," 2"," 7"," 5"," 9"
"561"," 8","10"," 5"," 3"," 4"," 2"," 1"," 7"," 6"," 9"
"562"," 8","10"," 5"," 3"," 4"," 1"," 2"," 7"," 5"," 9"
"563"," 8","10"," 5"," 2"," 4"," 1"," 3"," 7"," 5"," 9"
"564"," 8","10"," 6"," 2"," 4"," 1"," 3"," 7"," 5"," 9"
"565"," 8","10"," 5"," 4"," 3"," 2"," 1"," 6"," 7"," 9"
"566"," 8","10"," 5"," 3"," 4"," 1"," 2"," 7"," 6"," 9"
"567"," 8","10"," 5"," 4"," 3"," 1"," 2"," 7"," 5"," 9"
"568"," 8","10"," 6"," 4"," 3"," 1"," 2"," 7"," 5"," 9"
"569"," 8","10"," 5"," 3"," 4"," 2"," 1"," 7"," 6"," 9"
"570"," 8","10"," 5"," 3"," 4"," 1"," 2"," 7"," 5"," 9"
"571"," 8","10"," 5"," 2"," 4"," 1"," 3"," 7"," 5"," 9"
"572"," 8","10"," 6"," 2"," 4"," 1"," 3"," 7"," 5"," 9"
"573"," 8","10"," 5"," 4"," 3"," 2"," 1"," 6"," 7"," 9"
"574"," 8","10"," 5"," 4"," 3"," 1"," 2"," 7"," 6"," 9"
"575"," 8","10"," 5"," 4"," 3"," 1"," 2"," 7"," 5"," 9"
"576"," 8","10"," 6"," 4"," 3"," 1"," 2"," 7"," 5"," 9"
"577"," 7","10"," 6"," 1"," 5"," 3"," 2"," 8"," 3"," 9"
"578"," 6","10"," 7"," 1"," 4"," 3"," 2"," 8"," 5"," 9"
"579"," 7","10"," 6"," 1"," 5"," 4"," 3"," 8"," 2"," 9"
"580"," 6","10"," 7"," 1"," 5"," 4"," 3"," 8"," 2"," 9"
"581"," 8","10"," 6"," 2"," 5"," 3"," 1"," 7"," 3"," 9"
"582"," 7","10"," 8"," 2"," 4"," 3"," 1"," 6"," 5"," 9"
"583"," 8","10"," 6"," 1"," 5"," 4"," 3"," 7"," 2"," 9"
"584"," 7","10"," 8"," 1"," 5"," 3"," 4"," 6"," 2"," 9"
"585"," 7","10"," 6"," 1"," 3"," 5"," 2"," 8"," 4"," 9"
"586"," 6","10"," 7"," 1"," 4"," 3"," 2"," 8"," 5"," 9"
"587"," 7","10"," 6"," 1"," 3"," 5"," 2"," 8"," 4"," 9"
"588"," 6","10"," 7"," 1"," 5"," 3"," 2"," 8"," 3"," 9"
"589"," 8","10"," 6"," 2"," 3"," 5"," 1"," 7"," 4"," 9"
"590"," 7","10"," 8"," 3"," 4"," 2"," 1"," 6"," 5"," 9"
"591"," 8","10"," 6"," 1"," 2"," 5"," 3"," 7"," 4"," 9"
"592"," 7","10"," 8"," 1"," 5"," 2"," 4"," 6"," 2"," 9"
"593"," 8","10"," 6"," 1"," 5"," 3"," 2"," 7"," 3"," 9"
"594"," 9","10"," 6"," 1"," 4"," 3"," 2"," 7"," 5"," 8"
"595"," 8","10"," 6"," 1"," 5"," 4"," 3"," 7"," 2"," 9"
"596"," 9","10"," 6"," 1"," 5"," 4"," 3"," 7"," 2"," 8"
"597"," 8","10"," 6"," 2"," 5"," 3"," 1"," 7"," 3"," 9"
"598"," 9","10"," 8"," 2"," 4"," 3"," 1"," 6"," 5"," 7"
"599"," 8","10"," 6"," 1"," 5"," 4"," 3"," 7"," 2"," 9"
"600"," 9","10"," 8"," 1"," 5"," 3"," 4"," 6"," 2"," 7"
"601"," 8","10"," 6"," 1"," 3"," 5"," 2"," 7"," 4"," 9"
"602"," 9","10"," 6"," 1"," 4"," 3"," 2"," 7"," 5"," 8"
"603"," 8","10"," 6"," 1"," 3"," 5"," 2"," 7"," 4"," 9"
"604"," 9","10"," 6"," 1"," 5"," 3"," 2"," 7"," 3"," 8"
"605"," 8","10"," 6"," 2"," 3"," 5"," 1"," 7"," 4"," 9"
"606"," 9","10"," 8"," 3"," 4"," 2"," 1"," 6"," 5"," 7"
"607"," 8","10"," 6"," 1"," 2"," 5"," 3"," 7"," 4"," 9"
"608"," 9","10"," 8"," 1"," 5"," 2"," 4"," 6"," 2"," 7"
"609"," 7","10"," 6"," 3"," 4"," 2"," 1"," 8"," 5"," 9"
"610"," 6","10"," 7"," 3"," 4"," 1"," 2"," 8"," 5"," 9"
"611"," 7","10"," 6"," 2"," 5"," 3"," 4"," 8"," 1"," 9"
"612"," 6","10"," 7"," 2"," 5"," 1"," 4"," 8"," 3"," 9"
"613"," 8","10"," 6"," 4"," 3"," 2"," 1"," 7"," 5"," 9"
"614"," 7","10"," 8"," 4"," 3"," 1"," 2"," 6"," 5"," 9"
"615"," 8","10"," 6"," 4"," 5"," 3"," 2"," 7"," 1"," 9"
"616"," 7","10"," 8"," 4"," 5"," 1"," 3"," 6"," 2"," 9"
"617"," 7","10"," 6"," 3"," 4"," 2"," 1"," 8"," 5"," 9"
"618"," 6","10"," 7"," 3"," 4"," 1"," 2"," 8"," 5"," 9"
"619"," 7","10"," 6"," 2"," 5"," 1"," 4"," 8"," 3"," 9"
"620"," 6","10"," 7"," 2"," 3"," 1"," 4"," 8"," 5"," 9"
"621"," 8","10"," 6"," 4"," 3"," 2"," 1"," 7"," 5"," 9"
"622"," 7","10"," 8"," 4"," 3"," 1"," 2"," 6"," 5"," 9"
"623"," 8","10"," 6"," 5"," 4"," 2"," 1"," 7"," 2"," 9"
"624"," 7","10"," 8"," 5"," 3"," 1"," 2"," 6"," 4"," 9"
"625"," 8","10"," 6"," 3"," 4"," 2"," 1"," 7"," 5"," 9"
"626"," 9","10"," 6"," 3"," 4"," 1"," 2"," 7"," 5"," 8"
"627"," 8","10"," 6"," 2"," 5"," 3"," 4"," 7"," 1"," 9"
"628"," 9","10"," 6"," 2"," 5"," 1"," 4"," 7"," 3"," 8"
"629"," 8","10"," 6"," 4"," 3"," 2"," 1"," 7"," 5"," 9"
"630"," 9","10"," 8"," 4"," 3"," 1"," 2"," 6"," 5"," 7"
"631"," 8","10"," 6"," 4"," 5"," 3"," 2"," 7"," 1"," 9"
"632"," 9","10"," 8"," 4"," 5"," 1"," 3"," 6"," 2"," 7"
"633"," 8","10"," 6"," 3"," 4"," 2"," 1"," 7"," 5"," 9"
"634"," 9","10"," 6"," 3"," 4"," 1"," 2"," 7"," 5"," 8"
"635"," 8","10"," 6"," 2"," 5"," 1"," 4"," 7"," 3"," 9"
"636"," 9","10"," 6"," 2"," 3"," 1"," 4"," 7"," 5"," 8"
"637"," 8","10"," 6"," 4"," 3"," 2"," 1"," 7"," 5"," 9"
"638"," 9","10"," 8"," 4"," 3"," 1"," 2"," 6"," 5"," 7"
"639"," 8","10"," 6"," 5"," 4"," 2"," 1"," 7"," 2"," 9"
"640"," 9","10"," 8"," 5"," 3"," 1"," 2"," 6"," 4"," 7"
"641"," 8","10"," 4"," 1"," 3"," 4"," 2"," 7"," 6"," 9"
"642"," 8","10"," 5"," 1"," 4"," 3"," 2"," 7"," 5"," 9"
"643"," 8","10"," 5"," 1"," 3"," 6"," 2"," 7"," 4"," 9"
"644"," 8","10"," 6"," 1"," 4"," 2"," 3"," 7"," 5"," 9"
"645"," 8","10"," 4"," 2"," 3"," 4"," 1"," 6"," 7"," 9"
"646"," 8","10"," 5"," 3"," 4"," 2"," 1"," 7"," 6"," 9"
"647"," 8","10"," 5"," 1"," 3"," 6"," 2"," 7"," 4"," 9"
"648"," 8","10"," 6"," 1"," 4"," 2"," 3"," 7"," 5"," 9"
"649"," 8","10"," 4"," 1"," 3"," 4"," 2"," 7"," 6"," 9"
"650"," 8","10"," 5"," 1"," 3"," 4"," 2"," 7"," 5"," 9"
"651"," 8","10"," 5"," 1"," 2"," 6"," 3"," 7"," 4"," 9"
"652"," 8","10"," 6"," 1"," 2"," 3"," 4"," 7"," 5"," 9"
"653"," 8","10"," 4"," 3"," 2"," 4"," 1"," 6"," 7"," 9"
"654"," 8","10"," 5"," 3"," 2"," 4"," 1"," 7"," 6"," 9"
"655"," 8","10"," 5"," 2"," 1"," 6"," 3"," 7"," 4"," 9"
"656"," 8","10"," 6"," 2"," 1"," 3"," 4"," 7"," 5"," 9"
"657"," 9","10"," 4"," 1"," 3"," 4"," 2"," 7"," 6"," 8"
"658"," 9","10"," 5"," 1"," 4"," 3"," 2"," 7"," 5"," 8"
"659"," 9","10"," 5"," 1"," 3"," 6"," 2"," 7"," 4"," 8"
"660"," 9","10"," 6"," 1"," 4"," 2"," 3"," 7"," 5"," 8"
"661"," 9","10"," 4"," 2"," 3"," 4"," 1"," 6"," 7"," 8"
"662"," 9","10"," 5"," 3"," 4"," 2"," 1"," 7"," 6"," 8"
"663"," 9","10"," 5"," 1"," 3"," 6"," 2"," 7"," 4"," 8"
"664"," 9","10"," 6"," 1"," 4"," 2"," 3"," 7"," 5"," 8"
"665"," 9","10"," 4"," 1"," 3"," 4"," 2"," 7"," 6"," 8"
"666"," 9","10"," 5"," 1"," 3"," 4"," 2"," 7"," 5"," 8"
"667"," 9","10"," 5"," 1"," 2"," 6"," 3"," 7"," 4"," 8"
"668"," 9","10"," 6"," 1"," 2"," 3"," 4"," 7"," 5"," 8"
"669"," 9","10"," 4"," 3"," 2"," 4"," 1"," 6"," 7"," 8"
"670"," 9","10"," 5"," 3"," 2"," 4"," 1"," 7"," 6"," 8"
"671"," 9","10"," 5"," 2"," 1"," 6"," 3"," 7"," 4"," 8"
"672"," 9","10"," 6"," 2"," 1"," 3"," 4"," 7"," 5"," 8"
"673"," 8","10"," 5"," 3"," 4"," 2"," 1"," 7"," 6"," 9"
"674"," 8","10"," 5"," 3"," 4"," 1"," 2"," 7"," 5"," 9"
"675"," 8","10"," 5"," 2"," 4"," 1"," 3"," 7"," 5"," 9"
"676"," 8","10"," 6"," 2"," 4"," 1"," 3"," 7"," 5"," 9"
"677"," 8","10"," 5"," 4"," 3"," 2"," 1"," 6"," 7"," 9"
"678"," 8","10"," 5"," 4"," 3"," 1"," 2"," 7"," 6"," 9"
"679"," 8","10"," 5"," 4"," 3"," 1"," 2"," 7"," 5"," 9"
"680"," 8","10"," 6"," 4"," 3"," 1"," 2"," 7"," 5"," 9"
"681"," 8","10"," 5"," 4"," 2"," 3"," 1"," 7"," 6"," 9"
"682"," 8","10"," 5"," 4"," 3"," 1"," 2"," 7"," 5"," 9"
"683"," 8","10"," 5"," 3"," 1"," 2"," 4"," 7"," 5"," 9"
"684"," 8","10"," 6"," 3"," 2"," 1"," 4"," 7"," 5"," 9"
"685"," 8","10"," 5"," 4"," 2"," 3"," 1"," 6"," 7"," 9"
"686"," 8","10"," 5"," 4"," 3"," 1"," 2"," 7"," 6"," 9"
"687"," 8","10"," 5"," 4"," 1"," 2"," 3"," 7"," 5"," 9"
"688"," 8","10"," 6"," 4"," 2"," 1"," 3"," 7"," 5"," 9"
"689"," 9","10"," 5"," 3"," 4"," 2"," 1"," 7"," 6"," 8"
"690"," 9","10"," 5"," 3"," 4"," 1"," 2"," 7"," 5"," 8"
"691"," 9","10"," 5"," 2"," 4"," 1"," 3"," 7"," 5"," 8"
"692"," 9","10"," 6"," 2"," 4"," 1"," 3"," 7"," 5"," 8"
"693"," 9","10"," 5"," 4"," 3"," 2"," 1"," 6"," 7"," 8"
"694"," 9","10"," 5"," 4"," 3"," 1"," 2"," 7"," 6"," 8"
"695"," 9","10"," 5"," 4"," 3"," 1"," 2"," 7"," 5"," 8"
"696"," 9","10"," 6"," 4"," 3"," 1"," 2"," 7"," 5"," 8"
"697"," 9","10"," 5"," 4"," 2"," 3"," 1"," 7"," 6"," 8"
"698"," 9","10"," 5"," 4"," 3"," 1"," 2"," 7"," 5"," 8"
"699"," 9","10"," 5"," 3"," 1"," 2"," 4"," 7"," 5"," 8"
"700"," 9","10"," 6"," 3"," 2"," 1"," 4"," 7"," 5"," 8"
"701"," 9","10"," 5"," 4"," 2"," 3"," 1"," 6"," 7"," 8"
"702"," 9","10"," 5"," 4"," 3"," 1"," 2"," 7"," 6"," 8"
"703"," 9","10"," 5"," 4"," 1"," 2"," 3"," 7"," 5"," 8"
"704"," 9","10"," 6"," 4"," 2"," 1"," 3"," 7"," 5"," 8"
"705"," 8","10"," 6"," 1"," 3"," 5"," 2"," 7"," 4"," 9"
"706"," 8","10"," 6"," 1"," 4"," 3"," 2"," 7"," 5"," 9"
"707"," 8","10"," 6"," 1"," 3"," 5"," 2"," 7"," 4"," 9"
"708"," 8","10"," 6"," 1"," 5"," 3"," 2"," 7"," 3"," 9"
"709"," 8","10"," 6"," 2"," 3"," 5"," 1"," 7"," 4"," 9"
"710"," 8","10"," 7"," 3"," 4"," 2"," 1"," 6"," 5"," 9"
"711"," 8","10"," 6"," 1"," 2"," 5"," 3"," 7"," 4"," 9"
"712"," 8","10"," 7"," 1"," 5"," 2"," 4"," 6"," 2"," 9"
"713"," 8","10"," 6"," 1"," 3"," 5"," 2"," 7"," 4"," 9"
"714"," 8","10"," 6"," 1"," 3"," 4"," 2"," 7"," 5"," 9"
"715"," 8","10"," 6"," 1"," 2"," 5"," 4"," 7"," 3"," 9"
"716"," 8","10"," 6"," 1"," 2"," 5"," 4"," 7"," 3"," 9"
"717"," 8","10"," 6"," 3"," 2"," 5"," 1"," 7"," 4"," 9"
"718"," 8","10"," 7"," 3"," 2"," 4"," 1"," 6"," 5"," 9"
"719"," 8","10"," 6"," 2"," 1"," 5"," 4"," 7"," 3"," 9"
"720"," 8","10"," 7"," 2"," 1"," 4"," 5"," 6"," 3"," 9"
"721"," 9","10"," 6"," 1"," 3"," 5"," 2"," 7"," 4"," 8"
"722"," 9","10"," 7"," 1"," 4"," 3"," 2"," 6"," 5"," 7"
"723"," 9","10"," 6"," 1"," 3"," 5"," 2"," 7"," 4"," 8"
"724"," 9","10"," 7"," 1"," 5"," 3"," 2"," 6"," 3"," 7"
"725"," 9","10"," 6"," 2"," 3"," 5"," 1"," 7"," 4"," 8"
"726"," 9","10"," 8"," 3"," 4"," 2"," 1"," 6"," 5"," 7"
"727"," 9","10"," 6"," 1"," 2"," 5"," 3"," 7"," 4"," 8"
"728"," 9","10"," 8"," 1"," 5"," 2"," 4"," 6"," 2"," 7"
"729"," 9","10"," 6"," 1"," 3"," 5"," 2"," 7"," 4"," 8"
"730"," 9","10"," 7"," 1"," 3"," 4"," 2"," 6"," 5"," 7"
"731"," 9","10"," 6"," 1"," 2"," 5"," 4"," 7"," 3"," 8"
"732"," 9","10"," 7"," 1"," 2"," 5"," 4"," 6"," 3"," 7"
"733"," 9","10"," 6"," 3"," 2"," 5"," 1"," 7"," 4"," 8"
"734"," 9","10"," 8"," 3"," 2"," 4"," 1"," 6"," 5"," 7"
"735"," 9","10"," 6"," 2"," 1"," 5"," 4"," 7"," 3"," 8"
"736"," 9","10"," 8"," 2"," 1"," 4"," 5"," 6"," 3"," 7"
"737"," 8","10"," 6"," 3"," 4"," 2"," 1"," 7"," 5"," 9"
"738"," 8","10"," 6"," 3"," 4"," 1"," 2"," 7"," 5"," 9"
"739"," 8","10"," 6"," 2"," 5"," 1"," 4"," 7"," 3"," 9"
"740"," 8","10"," 6"," 2"," 3"," 1"," 4"," 7"," 5"," 9"
"741"," 8","10"," 6"," 4"," 3"," 2"," 1"," 7"," 5"," 9"
"742"," 8","10"," 7"," 4"," 3"," 1"," 2"," 6"," 5"," 9"
"743"," 8","10"," 6"," 5"," 4"," 2"," 1"," 7"," 2"," 9"
"744"," 8","10"," 7"," 5"," 3"," 1"," 2"," 6"," 4"," 9"
"745"," 8","10"," 6"," 4"," 2"," 3"," 1"," 7"," 5"," 9"
"746"," 8","10"," 6"," 4"," 3"," 1"," 2"," 7"," 5"," 9"
"747"," 8","10"," 6"," 3"," 1"," 4"," 5"," 7"," 2"," 9"
"748"," 8","10"," 6"," 3"," 2"," 1"," 5"," 7"," 4"," 9"
"749"," 8","10"," 6"," 4"," 2"," 3"," 1"," 7"," 5"," 9"
"750"," 8","10"," 7"," 4"," 3"," 1"," 2"," 6"," 5"," 9"
"751"," 8","10"," 6"," 5"," 1"," 4"," 3"," 7"," 2"," 9"
"752"," 8","10"," 7"," 5"," 2"," 1"," 4"," 6"," 3"," 9"
"753"," 9","10"," 6"," 3"," 4"," 2"," 1"," 7"," 5"," 8"
"754"," 9","10"," 7"," 3"," 4"," 1"," 2"," 6"," 5"," 7"
"755"," 9","10"," 6"," 2"," 5"," 1"," 4"," 7"," 3"," 8"
"756"," 9","10"," 7"," 2"," 3"," 1"," 4"," 6"," 5"," 7"
"757"," 9","10"," 6"," 4"," 3"," 2"," 1"," 7"," 5"," 8"
"758"," 9","10"," 8"," 4"," 3"," 1"," 2"," 6"," 5"," 7"
"759"," 9","10"," 6"," 5"," 4"," 2"," 1"," 7"," 2"," 8"
"760"," 9","10"," 8"," 5"," 3"," 1"," 2"," 6"," 4"," 7"
"761"," 9","10"," 6"," 4"," 2"," 3"," 1"," 7"," 5"," 8"
"762"," 9","10"," 7"," 4"," 3"," 1"," 2"," 6"," 5"," 7"
"763"," 9","10"," 6"," 3"," 1"," 4"," 5"," 7"," 2"," 8"
"764"," 9","10"," 7"," 3"," 2"," 1"," 5"," 6"," 4"," 7"
"765"," 9","10"," 6"," 4"," 2"," 3"," 1"," 7"," 5"," 8"
"766"," 9","10"," 8"," 4"," 3"," 1"," 2"," 6"," 5"," 7"
"767"," 9","10"," 6"," 5"," 1"," 4"," 3"," 7"," 2"," 8"
"768"," 9","10"," 8"," 5"," 2"," 1"," 4"," 6"," 3"," 7"
"769"," 6","10"," 5"," 1"," 4"," 3"," 2"," 9"," 7"," 8"
"770"," 7","10"," 5"," 1"," 4"," 3"," 2"," 9"," 6"," 8"
"771"," 7","10"," 6"," 1"," 3"," 4"," 2"," 9"," 4"," 8"
"772"," 7","10"," 6"," 1"," 4"," 2"," 3"," 9"," 5"," 8"
"773"," 6","10"," 5"," 2"," 4"," 3"," 1"," 8"," 7"," 9"
"774"," 7","10"," 5"," 2"," 4"," 3"," 1"," 8"," 6"," 9"
"775"," 7","10"," 6"," 1"," 3"," 4"," 2"," 8"," 4"," 9"
"776"," 7","10"," 6"," 1"," 4"," 2"," 3"," 8"," 5"," 9"
"777"," 6","10"," 4"," 1"," 3"," 4"," 2"," 9"," 7"," 8"
"778"," 7","10"," 5"," 1"," 4"," 3"," 2"," 9"," 6"," 8"
"779"," 7","10"," 5"," 1"," 3"," 6"," 2"," 9"," 4"," 8"
"780"," 7","10"," 6"," 1"," 4"," 2"," 3"," 9"," 5"," 8"
"781"," 6","10"," 4"," 2"," 3"," 4"," 1"," 8"," 7"," 9"
"782"," 7","10"," 5"," 3"," 4"," 2"," 1"," 8"," 6"," 9"
"783"," 7","10"," 5"," 1"," 3"," 6"," 2"," 8"," 4"," 9"
"784"," 7","10"," 6"," 1"," 4"," 2"," 3"," 8"," 5"," 9"
"785"," 8","10"," 5"," 1"," 4"," 3"," 2"," 9"," 6"," 6"
"786"," 8","10"," 7"," 1"," 4"," 3"," 2"," 9"," 6"," 5"
"787"," 8","10"," 6"," 1"," 3"," 4"," 2"," 9"," 4"," 7"
"788"," 8","10"," 7"," 1"," 4"," 2"," 3"," 9"," 5"," 6"
"789"," 9","10"," 5"," 2"," 4"," 3"," 1"," 8"," 6"," 6"
"790"," 9","10"," 7"," 2"," 4"," 3"," 1"," 8"," 6"," 5"
"791"," 9","10"," 6"," 1"," 3"," 4"," 2"," 8"," 4"," 7"
"792"," 9","10"," 7"," 1"," 4"," 2"," 3"," 8"," 5"," 6"
"793"," 8","10"," 4"," 1"," 3"," 4"," 2"," 9"," 6"," 6"
"794"," 8","10"," 7"," 1"," 4"," 3"," 2"," 9"," 6"," 5"
"795"," 8","10"," 5"," 1"," 3"," 6"," 2"," 9"," 4"," 7"
"796"," 8","10"," 7"," 1"," 4"," 2"," 3"," 9"," 5"," 6"
"797"," 9","10"," 4"," 2"," 3"," 4"," 1"," 8"," 6"," 6"
"798"," 9","10"," 7"," 3"," 4"," 2"," 1"," 8"," 6"," 5"
"799"," 9","10"," 5"," 1"," 3"," 6"," 2"," 8"," 4"," 7"
"800"," 9","10"," 7"," 1"," 4"," 2"," 3"," 8"," 5"," 6"
"801"," 6","10"," 5"," 3"," 4"," 2"," 1"," 9"," 7"," 8"
"802"," 7","10"," 5"," 3"," 4"," 1"," 2"," 9"," 6"," 8"
"803"," 7","10"," 5"," 2"," 4"," 1"," 3"," 9"," 5"," 8"
"804"," 7","10"," 6"," 2"," 4"," 1"," 3"," 9"," 5"," 8"
"805"," 6","10"," 5"," 4"," 3"," 2"," 1"," 8"," 7"," 9"
"806"," 7","10"," 5"," 3"," 4"," 1"," 2"," 8"," 6"," 9"
"807"," 7","10"," 5"," 4"," 3"," 1"," 2"," 8"," 5"," 9"
"808"," 7","10"," 6"," 4"," 3"," 1"," 2"," 8"," 5"," 9"
"809"," 6","10"," 5"," 3"," 4"," 2"," 1"," 9"," 7"," 8"
"810"," 7","10"," 5"," 3"," 4"," 1"," 2"," 9"," 6"," 8"
"811"," 7","10"," 5"," 2"," 4"," 1"," 3"," 9"," 5"," 8"
"812"," 7","10"," 6"," 2"," 4"," 1"," 3"," 9"," 5"," 8"
"813"," 6","10"," 5"," 4"," 3"," 2"," 1"," 8"," 7"," 9"
"814"," 7","10"," 5"," 4"," 3"," 1"," 2"," 8"," 6"," 9"
"815"," 7","10"," 5"," 4"," 3"," 1"," 2"," 8"," 5"," 9"
"816"," 7","10"," 6"," 4"," 3"," 1"," 2"," 8"," 5"," 9"
"817"," 8","10"," 5"," 3"," 4"," 2"," 1"," 9"," 6"," 6"
"818"," 8","10"," 7"," 3"," 4"," 1"," 2"," 9"," 6"," 5"
"819"," 8","10"," 5"," 2"," 4"," 1"," 3"," 9"," 5"," 7"
"820"," 8","10"," 7"," 2"," 4"," 1"," 3"," 9"," 5"," 6"
"821"," 9","10"," 5"," 4"," 3"," 2"," 1"," 8"," 6"," 6"
"822"," 9","10"," 7"," 3"," 4"," 1"," 2"," 8"," 6"," 5"
"823"," 9","10"," 5"," 4"," 3"," 1"," 2"," 8"," 5"," 7"
"824"," 9","10"," 7"," 4"," 3"," 1"," 2"," 8"," 5"," 6"
"825"," 8","10"," 5"," 3"," 4"," 2"," 1"," 9"," 6"," 6"
"826"," 8","10"," 7"," 3"," 4"," 1"," 2"," 9"," 6"," 5"
"827"," 8","10"," 5"," 2"," 4"," 1"," 3"," 9"," 5"," 7"
"828"," 8","10"," 7"," 2"," 4"," 1"," 3"," 9"," 5"," 6"
"829"," 9","10"," 5"," 4"," 3"," 2"," 1"," 8"," 6"," 6"
"830"," 9","10"," 7"," 4"," 3"," 1"," 2"," 8"," 6"," 5"
"831"," 9","10"," 5"," 4"," 3"," 1"," 2"," 8"," 5"," 7"
"832"," 9","10"," 7"," 4"," 3"," 1"," 2"," 8"," 5"," 6"
"833"," 7","10"," 6"," 1"," 5"," 3"," 2"," 9"," 3"," 8"
"834"," 6","10"," 8"," 1"," 4"," 3"," 2"," 9"," 5"," 7"
"835"," 7","10"," 6"," 1"," 5"," 4"," 3"," 9"," 2"," 8"
"836"," 6","10"," 8"," 1"," 5"," 4"," 3"," 9"," 2"," 7"
"837"," 7","10"," 6"," 2"," 5"," 3"," 1"," 8"," 3"," 9"
"838"," 6","10"," 8"," 2"," 4"," 3"," 1"," 9"," 5"," 7"
"839"," 7","10"," 6"," 1"," 5"," 4"," 3"," 8"," 2"," 9"
"840"," 6","10"," 8"," 1"," 5"," 3"," 4"," 9"," 2"," 7"
"841"," 7","10"," 6"," 1"," 3"," 5"," 2"," 9"," 4"," 8"
"842"," 6","10"," 8"," 1"," 4"," 3"," 2"," 9"," 5"," 7"
"843"," 7","10"," 6"," 1"," 3"," 5"," 2"," 9"," 4"," 8"
"844"," 6","10"," 8"," 1"," 5"," 3"," 2"," 9"," 3"," 7"
"845"," 7","10"," 6"," 2"," 3"," 5"," 1"," 8"," 4"," 9"
"846"," 6","10"," 8"," 3"," 4"," 2"," 1"," 9"," 5"," 7"
"847"," 7","10"," 6"," 1"," 2"," 5"," 3"," 8"," 4"," 9"
"848"," 6","10"," 8"," 1"," 5"," 2"," 4"," 9"," 2"," 7"
"849"," 8","10"," 7"," 1"," 5"," 3"," 2"," 9"," 3"," 6"
"850"," 8","10"," 7"," 1"," 4"," 3"," 2"," 9"," 5"," 6"
"851"," 8","10"," 7"," 1"," 5"," 4"," 3"," 9"," 2"," 6"
"852"," 8","10"," 7"," 1"," 5"," 4"," 3"," 9"," 2"," 6"
"853"," 9","10"," 7"," 2"," 5"," 3"," 1"," 8"," 3"," 6"
"854"," 9","10"," 7"," 2"," 4"," 3"," 1"," 8"," 5"," 6"
"855"," 9","10"," 7"," 1"," 5"," 4"," 3"," 8"," 2"," 6"
"856"," 9","10"," 7"," 1"," 5"," 3"," 4"," 8"," 2"," 6"
"857"," 8","10"," 7"," 1"," 3"," 5"," 2"," 9"," 4"," 6"
"858"," 8","10"," 7"," 1"," 4"," 3"," 2"," 9"," 5"," 6"
"859"," 8","10"," 7"," 1"," 3"," 5"," 2"," 9"," 4"," 6"
"860"," 8","10"," 7"," 1"," 5"," 3"," 2"," 9"," 3"," 6"
"861"," 9","10"," 7"," 2"," 3"," 5"," 1"," 8"," 4"," 6"
"862"," 9","10"," 7"," 3"," 4"," 2"," 1"," 8"," 5"," 6"
"863"," 9","10"," 7"," 1"," 2"," 5"," 3"," 8"," 4"," 6"
"864"," 9","10"," 7"," 1"," 5"," 2"," 4"," 8"," 2"," 6"
"865"," 7","10"," 6"," 3"," 4"," 2"," 1"," 9"," 5"," 8"
"866"," 6","10"," 8"," 3"," 4"," 1"," 2"," 9"," 5"," 7"
"867"," 7","10"," 6"," 2"," 5"," 3"," 4"," 9"," 1"," 8"
"868"," 6","10"," 8"," 2"," 5"," 1"," 4"," 9"," 3"," 7"
"869"," 7","10"," 6"," 4"," 3"," 2"," 1"," 8"," 5"," 9"
"870"," 6","10"," 8"," 4"," 3"," 1"," 2"," 9"," 5"," 7"
"871"," 7","10"," 6"," 4"," 5"," 3"," 2"," 8"," 1"," 9"
"872"," 6","10"," 8"," 4"," 5"," 1"," 3"," 9"," 2"," 7"
"873"," 7","10"," 6"," 3"," 4"," 2"," 1"," 9"," 5"," 8"
"874"," 6","10"," 8"," 3"," 4"," 1"," 2"," 9"," 5"," 7"
"875"," 7","10"," 6"," 2"," 5"," 1"," 4"," 9"," 3"," 8"
"876"," 6","10"," 8"," 2"," 3"," 1"," 4"," 9"," 5"," 7"
"877"," 7","10"," 6"," 4"," 3"," 2"," 1"," 8"," 5"," 9"
"878"," 6","10"," 8"," 4"," 3"," 1"," 2"," 9"," 5"," 7"
"879"," 7","10"," 6"," 5"," 4"," 2"," 1"," 8"," 2"," 9"
"880"," 6","10"," 8"," 5"," 3"," 1"," 2"," 9"," 4"," 7"
"881"," 8","10"," 7"," 3"," 4"," 2"," 1"," 9"," 5"," 6"
"882"," 8","10"," 7"," 3"," 4"," 1"," 2"," 9"," 5"," 6"
"883"," 8","10"," 7"," 2"," 5"," 3"," 4"," 9"," 1"," 6"
"884"," 8","10"," 7"," 2"," 5"," 1"," 4"," 9"," 3"," 6"
"885"," 9","10"," 7"," 4"," 3"," 2"," 1"," 8"," 5"," 6"
"886"," 9","10"," 7"," 4"," 3"," 1"," 2"," 8"," 5"," 6"
"887"," 9","10"," 7"," 4"," 5"," 3"," 2"," 8"," 1"," 6"
"888"," 9","10"," 7"," 4"," 5"," 1"," 3"," 8"," 2"," 6"
"889"," 8","10"," 7"," 3"," 4"," 2"," 1"," 9"," 5"," 6"
"890"," 8","10"," 7"," 3"," 4"," 1"," 2"," 9"," 5"," 6"
"891"," 8","10"," 7"," 2"," 5"," 1"," 4"," 9"," 3"," 6"
"892"," 8","10"," 7"," 2"," 3"," 1"," 4"," 9"," 5"," 6"
"893"," 9","10"," 7"," 4"," 3"," 2"," 1"," 8"," 5"," 6"
"894"," 9","10"," 7"," 4"," 3"," 1"," 2"," 8"," 5"," 6"
"895"," 9","10"," 7"," 5"," 4"," 2"," 1"," 8"," 2"," 6"
"896"," 9","10"," 7"," 5"," 3"," 1"," 2"," 8"," 4"," 6"
"897"," 7","10"," 4"," 1"," 3"," 4"," 2"," 9"," 6"," 8"
"898"," 7","10"," 5"," 1"," 4"," 3"," 2"," 9"," 5"," 8"
"899"," 7","10"," 5"," 1"," 3"," 6"," 2"," 9"," 4"," 8"
"900"," 7","10"," 6"," 1"," 4"," 2"," 3"," 9"," 5"," 8"
"901"," 7","10"," 4"," 2"," 3"," 4"," 1"," 8"," 6"," 9"
"902"," 7","10"," 5"," 3"," 4"," 2"," 1"," 8"," 5"," 9"
"903"," 7","10"," 5"," 1"," 3"," 6"," 2"," 8"," 4"," 9"
"904"," 7","10"," 6"," 1"," 4"," 2"," 3"," 8"," 5"," 9"
"905"," 7","10"," 4"," 1"," 3"," 4"," 2"," 9"," 6"," 8"
"906"," 7","10"," 5"," 1"," 3"," 4"," 2"," 9"," 5"," 8"
"907"," 7","10"," 5"," 1"," 2"," 6"," 3"," 9"," 4"," 8"
"908"," 7","10"," 6"," 1"," 2"," 3"," 4"," 9"," 5"," 8"
"909"," 7","10"," 4"," 3"," 2"," 4"," 1"," 8"," 6"," 9"
"910"," 7","10"," 5"," 3"," 2"," 4"," 1"," 8"," 5"," 9"
"911"," 7","10"," 5"," 2"," 1"," 6"," 3"," 8"," 4"," 9"
"912"," 7","10"," 6"," 2"," 1"," 3"," 4"," 8"," 5"," 9"
"913"," 9","10"," 4"," 1"," 3"," 4"," 2"," 8"," 6"," 6"
"914"," 9","10"," 7"," 1"," 4"," 3"," 2"," 8"," 6"," 5"
"915"," 9","10"," 5"," 1"," 3"," 6"," 2"," 8"," 4"," 7"
"916"," 9","10"," 7"," 1"," 4"," 2"," 3"," 8"," 5"," 6"
"917"," 9","10"," 4"," 2"," 3"," 4"," 1"," 8"," 6"," 6"
"918"," 9","10"," 7"," 3"," 4"," 2"," 1"," 8"," 6"," 5"
"919"," 9","10"," 5"," 1"," 3"," 6"," 2"," 8"," 4"," 7"
"920"," 9","10"," 7"," 1"," 4"," 2"," 3"," 8"," 5"," 6"
"921"," 9","10"," 4"," 1"," 3"," 4"," 2"," 8"," 6"," 6"
"922"," 9","10"," 7"," 1"," 3"," 4"," 2"," 8"," 6"," 5"
"923"," 9","10"," 5"," 1"," 2"," 6"," 3"," 8"," 4"," 7"
"924"," 9","10"," 7"," 1"," 2"," 3"," 4"," 8"," 5"," 6"
"925"," 9","10"," 4"," 3"," 2"," 4"," 1"," 8"," 6"," 6"
"926"," 9","10"," 7"," 3"," 2"," 4"," 1"," 8"," 6"," 5"
"927"," 9","10"," 5"," 2"," 1"," 6"," 3"," 8"," 4"," 7"
"928"," 9","10"," 7"," 2"," 1"," 3"," 4"," 8"," 5"," 6"
"929"," 7","10"," 5"," 3"," 4"," 2"," 1"," 9"," 6"," 8"
"930"," 7","10"," 5"," 3"," 4"," 1"," 2"," 9"," 5"," 8"
"931"," 7","10"," 5"," 2"," 4"," 1"," 3"," 9"," 5"," 8"
"932"," 7","10"," 6"," 2"," 4"," 1"," 3"," 9"," 5"," 8"
"933"," 7","10"," 5"," 4"," 3"," 2"," 1"," 8"," 6"," 9"
"934"," 7","10"," 5"," 4"," 3"," 1"," 2"," 8"," 5"," 9"
"935"," 7","10"," 5"," 4"," 3"," 1"," 2"," 8"," 5"," 9"
"936"," 7","10"," 6"," 4"," 3"," 1"," 2"," 8"," 5"," 9"
"937"," 7","10"," 5"," 4"," 2"," 3"," 1"," 9"," 6"," 8"
"938"," 7","10"," 5"," 4"," 3"," 1"," 2"," 9"," 5"," 8"
"939"," 7","10"," 5"," 3"," 1"," 2"," 4"," 9"," 5"," 8"
"940"," 7","10"," 6"," 3"," 2"," 1"," 4"," 9"," 5"," 8"
"941"," 7","10"," 5"," 4"," 2"," 3"," 1"," 8"," 6"," 9"
"942"," 7","10"," 5"," 4"," 3"," 1"," 2"," 8"," 5"," 9"
"943"," 7","10"," 5"," 4"," 1"," 2"," 3"," 8"," 5"," 9"
"944"," 7","10"," 6"," 4"," 2"," 1"," 3"," 8"," 5"," 9"
"945"," 9","10"," 5"," 3"," 4"," 2"," 1"," 8"," 6"," 6"
"946"," 9","10"," 7"," 3"," 4"," 1"," 2"," 8"," 6"," 5"
"947"," 9","10"," 5"," 2"," 4"," 1"," 3"," 8"," 5"," 7"
"948"," 9","10"," 7"," 2"," 4"," 1"," 3"," 8"," 5"," 6"
"949"," 9","10"," 5"," 4"," 3"," 2"," 1"," 8"," 6"," 6"
"950"," 9","10"," 7"," 4"," 3"," 1"," 2"," 8"," 6"," 5"
"951"," 9","10"," 5"," 4"," 3"," 1"," 2"," 8"," 5"," 7"
"952"," 9","10"," 7"," 4"," 3"," 1"," 2"," 8"," 5"," 6"
"953"," 9","10"," 5"," 4"," 2"," 3"," 1"," 8"," 6"," 6"
"954"," 9","10"," 7"," 4"," 3"," 1"," 2"," 8"," 6"," 5"
"955"," 9","10"," 5"," 3"," 1"," 2"," 4"," 8"," 5"," 7"
"956"," 9","10"," 7"," 3"," 2"," 1"," 4"," 8"," 5"," 6"
"957"," 9","10"," 5"," 4"," 2"," 3"," 1"," 8"," 6"," 6"
"958"," 9","10"," 7"," 4"," 3"," 1"," 2"," 8"," 6"," 5"
"959"," 9","10"," 5"," 4"," 1"," 2"," 3"," 8"," 5"," 7"
"960"," 9","10"," 7"," 4"," 2"," 1"," 3"," 8"," 5"," 6"
"961"," 7","10"," 6"," 1"," 3"," 5"," 2"," 9"," 4"," 8"
"962"," 6","10"," 7"," 1"," 4"," 3"," 2"," 9"," 5"," 7"
"963"," 7","10"," 6"," 1"," 3"," 5"," 2"," 9"," 4"," 8"
"964"," 6","10"," 7"," 1"," 5"," 3"," 2"," 9"," 3"," 7"
"965"," 7","10"," 6"," 2"," 3"," 5"," 1"," 8"," 4"," 9"
"966"," 7","10"," 6"," 3"," 4"," 2"," 1"," 9"," 5"," 8"
"967"," 7","10"," 6"," 1"," 2"," 5"," 3"," 8"," 4"," 9"
"968"," 7","10"," 6"," 1"," 5"," 2"," 4"," 9"," 2"," 8"
"969"," 7","10"," 6"," 1"," 3"," 5"," 2"," 9"," 4"," 8"
"970"," 6","10"," 7"," 1"," 3"," 4"," 2"," 9"," 5"," 7"
"971"," 7","10"," 6"," 1"," 2"," 5"," 4"," 9"," 3"," 8"
"972"," 6","10"," 7"," 1"," 2"," 5"," 4"," 9"," 3"," 7"
"973"," 7","10"," 6"," 3"," 2"," 5"," 1"," 8"," 4"," 9"
"974"," 7","10"," 6"," 3"," 2"," 4"," 1"," 9"," 5"," 8"
"975"," 7","10"," 6"," 2"," 1"," 5"," 4"," 8"," 3"," 9"
"976"," 7","10"," 6"," 2"," 1"," 4"," 5"," 9"," 3"," 8"
"977"," 9","10"," 7"," 1"," 3"," 5"," 2"," 8"," 4"," 6"
"978"," 9","10"," 7"," 1"," 4"," 3"," 2"," 8"," 5"," 6"
"979"," 9","10"," 7"," 1"," 3"," 5"," 2"," 8"," 4"," 6"
"980"," 9","10"," 7"," 1"," 5"," 3"," 2"," 8"," 3"," 6"
"981"," 9","10"," 7"," 2"," 3"," 5"," 1"," 8"," 4"," 6"
"982"," 9","10"," 7"," 3"," 4"," 2"," 1"," 8"," 5"," 6"
"983"," 9","10"," 7"," 1"," 2"," 5"," 3"," 8"," 4"," 6"
"984"," 9","10"," 7"," 1"," 5"," 2"," 4"," 8"," 2"," 6"
"985"," 9","10"," 7"," 1"," 3"," 5"," 2"," 8"," 4"," 6"
"986"," 9","10"," 7"," 1"," 3"," 4"," 2"," 8"," 5"," 6"
"987"," 9","10"," 7"," 1"," 2"," 5"," 4"," 8"," 3"," 6"
"988"," 9","10"," 7"," 1"," 2"," 5"," 4"," 8"," 3"," 6"
"989"," 9","10"," 7"," 3"," 2"," 5"," 1"," 8"," 4"," 6"
"990"," 9","10"," 7"," 3"," 2"," 4"," 1"," 8"," 5"," 6"
"991"," 9","10"," 7"," 2"," 1"," 5"," 4"," 8"," 3"," 6"
"992"," 9","10"," 7"," 2"," 1"," 4"," 5"," 8"," 3"," 6"
"993"," 7","10"," 6"," 3"," 4"," 2"," 1"," 9"," 5"," 8"
"994"," 6","10"," 7"," 3"," 4"," 1"," 2"," 9"," 5"," 7"
"995"," 7","10"," 6"," 2"," 5"," 1"," 4"," 9"," 3"," 8"
"996"," 6","10"," 7"," 2"," 3"," 1"," 4"," 9"," 5"," 7"
"997"," 7","10"," 6"," 4"," 3"," 2"," 1"," 8"," 5"," 9"
"998"," 7","10"," 6"," 4"," 3"," 1"," 2"," 9"," 5"," 8"
"999"," 7","10"," 6"," 5"," 4"," 2"," 1"," 8"," 2"," 9"
"1000"," 7","10"," 6"," 5"," 3"," 1"," 2"," 9"," 4"," 8"
"1001"," 7","10"," 6"," 4"," 2"," 3"," 1"," 9"," 5"," 8"
"1002"," 6","10"," 7"," 4"," 3"," 1"," 2"," 9"," 5"," 7"
"1003"," 7","10"," 6"," 3"," 1"," 4"," 5"," 9"," 2"," 8"
"1004"," 6","10"," 7"," 3"," 2"," 1"," 5"," 9"," 4"," 7"
"1005"," 7","10"," 6"," 4"," 2"," 3"," 1"," 8"," 5"," 9"
"1006"," 7","10"," 6"," 4"," 3"," 1"," 2"," 9"," 5"," 8"
"1007"," 7","10"," 6"," 5"," 1"," 4"," 3"," 8"," 2"," 9"
"1008"," 7","10"," 6"," 5"," 2"," 1"," 4"," 9"," 3"," 8"
"1009"," 9","10"," 7"," 3"," 4"," 2"," 1"," 8"," 5"," 6"
"1010"," 9","10"," 7"," 3"," 4"," 1"," 2"," 8"," 5"," 6"
"1011"," 9","10"," 7"," 2"," 5"," 1"," 4"," 8"," 3"," 6"
"1012"," 9","10"," 7"," 2"," 3"," 1"," 4"," 8"," 5"," 6"
"1013"," 9","10"," 7"," 4"," 3"," 2"," 1"," 8"," 5"," 6"
"1014"," 9","10"," 7"," 4"," 3"," 1"," 2"," 8"," 5"," 6"
"1015"," 9","10"," 7"," 5"," 4"," 2"," 1"," 8"," 2"," 6"
"1016"," 9","10"," 7"," 5"," 3"," 1"," 2"," 8"," 4"," 6"
"1017"," 9","10"," 7"," 4"," 2"," 3"," 1"," 8"," 5"," 6"
"1018"," 9","10"," 7"," 4"," 3"," 1"," 2"," 8"," 5"," 6"
"1019"," 9","10"," 7"," 3"," 1"," 4"," 5"," 8"," 2"," 6"
"1020"," 9","10"," 7"," 3"," 2"," 1"," 5"," 8"," 4"," 6"
"1021"," 9","10"," 7"," 4"," 2"," 3"," 1"," 8"," 5"," 6"
"1022"," 9","10"," 7"," 4"," 3"," 1"," 2"," 8"," 5"," 6"
"1023"," 9","10"," 7"," 5"," 1"," 4"," 3"," 8"," 2"," 6"
"1024"," 9","10"," 7"," 5"," 2"," 1"," 4"," 8"," 3"," 6"
